time=2025-11-10T17:49:50.370Z level=INFO source=routes.go:1525 msg="server config" env="map[CUDA_VISIBLE_DEVICES: GGML_VK_VISIBLE_DEVICES: GPU_DEVICE_ORDINAL: HIP_VISIBLE_DEVICES: HSA_OVERRIDE_GFX_VERSION: HTTPS_PROXY: HTTP_PROXY: NO_PROXY: OLLAMA_CONTEXT_LENGTH:4096 OLLAMA_DEBUG:INFO OLLAMA_FLASH_ATTENTION:false OLLAMA_GPU_OVERHEAD:0 OLLAMA_HOST:http://127.0.0.1:11434 OLLAMA_INTEL_GPU:false OLLAMA_KEEP_ALIVE:5m0s OLLAMA_KV_CACHE_TYPE: OLLAMA_LLM_LIBRARY: OLLAMA_LOAD_TIMEOUT:5m0s OLLAMA_MAX_LOADED_MODELS:0 OLLAMA_MAX_QUEUE:512 OLLAMA_MODELS:/home/codespace/.ollama/models OLLAMA_MULTIUSER_CACHE:false OLLAMA_NEW_ENGINE:false OLLAMA_NOHISTORY:false OLLAMA_NOPRUNE:false OLLAMA_NUM_PARALLEL:1 OLLAMA_ORIGINS:[http://localhost https://localhost http://localhost:* https://localhost:* http://127.0.0.1 https://127.0.0.1 http://127.0.0.1:* https://127.0.0.1:* http://0.0.0.0 https://0.0.0.0 http://0.0.0.0:* https://0.0.0.0:* app://* file://* tauri://* vscode-webview://* vscode-file://*] OLLAMA_REMOTES:[ollama.com] OLLAMA_SCHED_SPREAD:false ROCR_VISIBLE_DEVICES: http_proxy: https_proxy: no_proxy:]"
time=2025-11-10T17:49:50.375Z level=INFO source=images.go:522 msg="total blobs: 5"
time=2025-11-10T17:49:50.375Z level=INFO source=images.go:529 msg="total unused blobs removed: 0"
time=2025-11-10T17:49:50.375Z level=INFO source=routes.go:1578 msg="Listening on 127.0.0.1:11434 (version 0.12.10)"
time=2025-11-10T17:49:50.383Z level=INFO source=runner.go:67 msg="discovering available GPUs..."
time=2025-11-10T17:49:50.385Z level=INFO source=server.go:400 msg="starting runner" cmd="/usr/local/bin/ollama runner --ollama-engine --port 41697"
time=2025-11-10T17:49:51.457Z level=INFO source=server.go:400 msg="starting runner" cmd="/usr/local/bin/ollama runner --ollama-engine --port 38351"
time=2025-11-10T17:49:51.699Z level=INFO source=types.go:60 msg="inference compute" id=cpu library=cpu compute="" name=cpu description=cpu libdirs=ollama driver="" pci_id="" type="" total="7.8 GiB" available="2.8 GiB"
time=2025-11-10T17:49:51.699Z level=INFO source=routes.go:1619 msg="entering low vram mode" "total vram"="0 B" threshold="20.0 GiB"
[GIN] 2025/11/10 - 17:50:12 | 404 |    1.131089ms |       127.0.0.1 | POST     "/api/generate"
[GIN] 2025/11/10 - 17:50:14 | 404 |      621.97µs |       127.0.0.1 | POST     "/api/generate"
[GIN] 2025/11/10 - 17:50:14 | 404 |     336.377µs |       127.0.0.1 | POST     "/api/generate"
[GIN] 2025/11/10 - 17:51:03 | 404 |     624.925µs |       127.0.0.1 | POST     "/api/generate"
[GIN] 2025/11/10 - 17:51:03 | 404 |     985.797µs |       127.0.0.1 | POST     "/api/generate"
[GIN] 2025/11/10 - 17:51:03 | 404 |     282.326µs |       127.0.0.1 | POST     "/api/generate"
[GIN] 2025/11/10 - 17:51:11 | 404 |      343.37µs |       127.0.0.1 | POST     "/api/generate"
[GIN] 2025/11/10 - 17:51:13 | 404 |      751.01µs |       127.0.0.1 | POST     "/api/generate"
[GIN] 2025/11/10 - 17:51:13 | 404 |     291.945µs |       127.0.0.1 | POST     "/api/generate"
[GIN] 2025/11/10 - 17:51:24 | 200 |      26.329µs |       127.0.0.1 | HEAD     "/"
[GIN] 2025/11/10 - 17:51:24 | 200 |    1.918356ms |       127.0.0.1 | GET      "/api/tags"
[GIN] 2025/11/10 - 17:51:30 | 200 |      31.238µs |       127.0.0.1 | HEAD     "/"
time=2025-11-10T17:51:32.821Z level=INFO source=download.go:177 msg="downloading 8934d96d3f08 in 16 239 MB part(s)"
time=2025-11-10T17:52:29.382Z level=INFO source=download.go:177 msg="downloading 8c17c2ebb0ea in 1 7.0 KB part(s)"
time=2025-11-10T17:52:31.224Z level=INFO source=download.go:177 msg="downloading 7c23fb36d801 in 1 4.8 KB part(s)"
time=2025-11-10T17:52:34.206Z level=INFO source=download.go:177 msg="downloading 2e0493f67d0c in 1 59 B part(s)"
time=2025-11-10T17:52:35.761Z level=INFO source=download.go:177 msg="downloading fa304d675061 in 1 91 B part(s)"
time=2025-11-10T17:52:37.328Z level=INFO source=download.go:177 msg="downloading 42ba7f8a01dd in 1 557 B part(s)"
[GIN] 2025/11/10 - 17:52:58 | 200 |         1m28s |       127.0.0.1 | POST     "/api/pull"
llama_model_loader: loaded meta data with 23 key-value pairs and 291 tensors from /home/codespace/.ollama/models/blobs/sha256-8934d96d3f08982e95922b2b7a2c626a1fe873d7c3b06e8e56d7bc0a1fef9246 (version GGUF V3 (latest))
llama_model_loader: Dumping metadata keys/values. Note: KV overrides do not apply in this output.
llama_model_loader: - kv   0:                       general.architecture str              = llama
llama_model_loader: - kv   1:                               general.name str              = LLaMA v2
llama_model_loader: - kv   2:                       llama.context_length u32              = 4096
llama_model_loader: - kv   3:                     llama.embedding_length u32              = 4096
llama_model_loader: - kv   4:                          llama.block_count u32              = 32
llama_model_loader: - kv   5:                  llama.feed_forward_length u32              = 11008
llama_model_loader: - kv   6:                 llama.rope.dimension_count u32              = 128
llama_model_loader: - kv   7:                 llama.attention.head_count u32              = 32
llama_model_loader: - kv   8:              llama.attention.head_count_kv u32              = 32
llama_model_loader: - kv   9:     llama.attention.layer_norm_rms_epsilon f32              = 0.000010
llama_model_loader: - kv  10:                          general.file_type u32              = 2
llama_model_loader: - kv  11:                       tokenizer.ggml.model str              = llama
llama_model_loader: - kv  12:                      tokenizer.ggml.tokens arr[str,32000]   = ["<unk>", "<s>", "</s>", "<0x00>", "<...
llama_model_loader: - kv  13:                      tokenizer.ggml.scores arr[f32,32000]   = [0.000000, 0.000000, 0.000000, 0.0000...
llama_model_loader: - kv  14:                  tokenizer.ggml.token_type arr[i32,32000]   = [2, 3, 3, 6, 6, 6, 6, 6, 6, 6, 6, 6, ...
llama_model_loader: - kv  15:                      tokenizer.ggml.merges arr[str,61249]   = ["▁ t", "e r", "i n", "▁ a", "e n...
llama_model_loader: - kv  16:                tokenizer.ggml.bos_token_id u32              = 1
llama_model_loader: - kv  17:                tokenizer.ggml.eos_token_id u32              = 2
llama_model_loader: - kv  18:            tokenizer.ggml.unknown_token_id u32              = 0
llama_model_loader: - kv  19:               tokenizer.ggml.add_bos_token bool             = true
llama_model_loader: - kv  20:               tokenizer.ggml.add_eos_token bool             = false
llama_model_loader: - kv  21:                    tokenizer.chat_template str              = {% if messages[0]['role'] == 'system'...
llama_model_loader: - kv  22:               general.quantization_version u32              = 2
llama_model_loader: - type  f32:   65 tensors
llama_model_loader: - type q4_0:  225 tensors
llama_model_loader: - type q6_K:    1 tensors
print_info: file format = GGUF V3 (latest)
print_info: file type   = Q4_0
print_info: file size   = 3.56 GiB (4.54 BPW) 
load: special_eos_id is not in special_eog_ids - the tokenizer config may be incorrect
load: printing all EOG tokens:
load:   - 2 ('</s>')
load: special tokens cache size = 3
load: token to piece cache size = 0.1684 MB
print_info: arch             = llama
print_info: vocab_only       = 1
print_info: model type       = ?B
print_info: model params     = 6.74 B
print_info: general.name     = LLaMA v2
print_info: vocab type       = SPM
print_info: n_vocab          = 32000
print_info: n_merges         = 0
print_info: BOS token        = 1 '<s>'
print_info: EOS token        = 2 '</s>'
print_info: UNK token        = 0 '<unk>'
print_info: LF token         = 13 '<0x0A>'
print_info: EOG token        = 2 '</s>'
print_info: max token length = 48
llama_model_load: vocab only - skipping tensors
time=2025-11-10T17:53:36.834Z level=INFO source=server.go:400 msg="starting runner" cmd="/usr/local/bin/ollama runner --model /home/codespace/.ollama/models/blobs/sha256-8934d96d3f08982e95922b2b7a2c626a1fe873d7c3b06e8e56d7bc0a1fef9246 --port 35805"
time=2025-11-10T17:53:36.837Z level=INFO source=server.go:470 msg="system memory" total="7.8 GiB" free="2.4 GiB" free_swap="0 B"
time=2025-11-10T17:53:36.838Z level=INFO source=server.go:474 msg="model requires more memory than is currently available, evicting a model to make space" estimate.library="" estimate.layers.requested=0 estimate.layers.model=0 estimate.layers.offload=0 estimate.layers.split=[] estimate.memory.available=[] estimate.memory.gpu_overhead="0 B" estimate.memory.required.full="0 B" estimate.memory.required.partial="0 B" estimate.memory.required.kv="0 B" estimate.memory.required.allocations=[] estimate.memory.weights.total="0 B" estimate.memory.weights.repeating="0 B" estimate.memory.weights.nonrepeating="0 B" estimate.memory.graph.full="0 B" estimate.memory.graph.partial="0 B"
time=2025-11-10T17:53:36.840Z level=INFO source=sched.go:445 msg="model is too large for system memory" requireFull=false
[GIN] 2025/11/10 - 17:53:36 | 500 |  565.686985ms |       127.0.0.1 | POST     "/api/generate"
llama_model_loader: loaded meta data with 23 key-value pairs and 291 tensors from /home/codespace/.ollama/models/blobs/sha256-8934d96d3f08982e95922b2b7a2c626a1fe873d7c3b06e8e56d7bc0a1fef9246 (version GGUF V3 (latest))
llama_model_loader: Dumping metadata keys/values. Note: KV overrides do not apply in this output.
llama_model_loader: - kv   0:                       general.architecture str              = llama
llama_model_loader: - kv   1:                               general.name str              = LLaMA v2
llama_model_loader: - kv   2:                       llama.context_length u32              = 4096
llama_model_loader: - kv   3:                     llama.embedding_length u32              = 4096
llama_model_loader: - kv   4:                          llama.block_count u32              = 32
llama_model_loader: - kv   5:                  llama.feed_forward_length u32              = 11008
llama_model_loader: - kv   6:                 llama.rope.dimension_count u32              = 128
llama_model_loader: - kv   7:                 llama.attention.head_count u32              = 32
llama_model_loader: - kv   8:              llama.attention.head_count_kv u32              = 32
llama_model_loader: - kv   9:     llama.attention.layer_norm_rms_epsilon f32              = 0.000010
llama_model_loader: - kv  10:                          general.file_type u32              = 2
llama_model_loader: - kv  11:                       tokenizer.ggml.model str              = llama
llama_model_loader: - kv  12:                      tokenizer.ggml.tokens arr[str,32000]   = ["<unk>", "<s>", "</s>", "<0x00>", "<...
llama_model_loader: - kv  13:                      tokenizer.ggml.scores arr[f32,32000]   = [0.000000, 0.000000, 0.000000, 0.0000...
llama_model_loader: - kv  14:                  tokenizer.ggml.token_type arr[i32,32000]   = [2, 3, 3, 6, 6, 6, 6, 6, 6, 6, 6, 6, ...
llama_model_loader: - kv  15:                      tokenizer.ggml.merges arr[str,61249]   = ["▁ t", "e r", "i n", "▁ a", "e n...
llama_model_loader: - kv  16:                tokenizer.ggml.bos_token_id u32              = 1
llama_model_loader: - kv  17:                tokenizer.ggml.eos_token_id u32              = 2
llama_model_loader: - kv  18:            tokenizer.ggml.unknown_token_id u32              = 0
llama_model_loader: - kv  19:               tokenizer.ggml.add_bos_token bool             = true
llama_model_loader: - kv  20:               tokenizer.ggml.add_eos_token bool             = false
llama_model_loader: - kv  21:                    tokenizer.chat_template str              = {% if messages[0]['role'] == 'system'...
llama_model_loader: - kv  22:               general.quantization_version u32              = 2
llama_model_loader: - type  f32:   65 tensors
llama_model_loader: - type q4_0:  225 tensors
llama_model_loader: - type q6_K:    1 tensors
print_info: file format = GGUF V3 (latest)
print_info: file type   = Q4_0
print_info: file size   = 3.56 GiB (4.54 BPW) 
load: special_eos_id is not in special_eog_ids - the tokenizer config may be incorrect
load: printing all EOG tokens:
load:   - 2 ('</s>')
load: special tokens cache size = 3
load: token to piece cache size = 0.1684 MB
print_info: arch             = llama
print_info: vocab_only       = 1
print_info: model type       = ?B
print_info: model params     = 6.74 B
print_info: general.name     = LLaMA v2
print_info: vocab type       = SPM
print_info: n_vocab          = 32000
print_info: n_merges         = 0
print_info: BOS token        = 1 '<s>'
print_info: EOS token        = 2 '</s>'
print_info: UNK token        = 0 '<unk>'
print_info: LF token         = 13 '<0x0A>'
print_info: EOG token        = 2 '</s>'
print_info: max token length = 48
llama_model_load: vocab only - skipping tensors
time=2025-11-10T17:53:36.951Z level=INFO source=server.go:400 msg="starting runner" cmd="/usr/local/bin/ollama runner --model /home/codespace/.ollama/models/blobs/sha256-8934d96d3f08982e95922b2b7a2c626a1fe873d7c3b06e8e56d7bc0a1fef9246 --port 36113"
time=2025-11-10T17:53:36.951Z level=INFO source=server.go:470 msg="system memory" total="7.8 GiB" free="2.4 GiB" free_swap="0 B"
time=2025-11-10T17:53:36.951Z level=INFO source=server.go:474 msg="model requires more memory than is currently available, evicting a model to make space" estimate.library="" estimate.layers.requested=0 estimate.layers.model=0 estimate.layers.offload=0 estimate.layers.split=[] estimate.memory.available=[] estimate.memory.gpu_overhead="0 B" estimate.memory.required.full="0 B" estimate.memory.required.partial="0 B" estimate.memory.required.kv="0 B" estimate.memory.required.allocations=[] estimate.memory.weights.total="0 B" estimate.memory.weights.repeating="0 B" estimate.memory.weights.nonrepeating="0 B" estimate.memory.graph.full="0 B" estimate.memory.graph.partial="0 B"
time=2025-11-10T17:53:36.951Z level=INFO source=sched.go:445 msg="model is too large for system memory" requireFull=false
[GIN] 2025/11/10 - 17:53:36 | 500 |  675.705665ms |       127.0.0.1 | POST     "/api/generate"
llama_model_loader: loaded meta data with 23 key-value pairs and 291 tensors from /home/codespace/.ollama/models/blobs/sha256-8934d96d3f08982e95922b2b7a2c626a1fe873d7c3b06e8e56d7bc0a1fef9246 (version GGUF V3 (latest))
llama_model_loader: Dumping metadata keys/values. Note: KV overrides do not apply in this output.
llama_model_loader: - kv   0:                       general.architecture str              = llama
llama_model_loader: - kv   1:                               general.name str              = LLaMA v2
llama_model_loader: - kv   2:                       llama.context_length u32              = 4096
llama_model_loader: - kv   3:                     llama.embedding_length u32              = 4096
llama_model_loader: - kv   4:                          llama.block_count u32              = 32
llama_model_loader: - kv   5:                  llama.feed_forward_length u32              = 11008
llama_model_loader: - kv   6:                 llama.rope.dimension_count u32              = 128
llama_model_loader: - kv   7:                 llama.attention.head_count u32              = 32
llama_model_loader: - kv   8:              llama.attention.head_count_kv u32              = 32
llama_model_loader: - kv   9:     llama.attention.layer_norm_rms_epsilon f32              = 0.000010
llama_model_loader: - kv  10:                          general.file_type u32              = 2
llama_model_loader: - kv  11:                       tokenizer.ggml.model str              = llama
llama_model_loader: - kv  12:                      tokenizer.ggml.tokens arr[str,32000]   = ["<unk>", "<s>", "</s>", "<0x00>", "<...
llama_model_loader: - kv  13:                      tokenizer.ggml.scores arr[f32,32000]   = [0.000000, 0.000000, 0.000000, 0.0000...
llama_model_loader: - kv  14:                  tokenizer.ggml.token_type arr[i32,32000]   = [2, 3, 3, 6, 6, 6, 6, 6, 6, 6, 6, 6, ...
llama_model_loader: - kv  15:                      tokenizer.ggml.merges arr[str,61249]   = ["▁ t", "e r", "i n", "▁ a", "e n...
llama_model_loader: - kv  16:                tokenizer.ggml.bos_token_id u32              = 1
llama_model_loader: - kv  17:                tokenizer.ggml.eos_token_id u32              = 2
llama_model_loader: - kv  18:            tokenizer.ggml.unknown_token_id u32              = 0
llama_model_loader: - kv  19:               tokenizer.ggml.add_bos_token bool             = true
llama_model_loader: - kv  20:               tokenizer.ggml.add_eos_token bool             = false
llama_model_loader: - kv  21:                    tokenizer.chat_template str              = {% if messages[0]['role'] == 'system'...
llama_model_loader: - kv  22:               general.quantization_version u32              = 2
llama_model_loader: - type  f32:   65 tensors
llama_model_loader: - type q4_0:  225 tensors
llama_model_loader: - type q6_K:    1 tensors
print_info: file format = GGUF V3 (latest)
print_info: file type   = Q4_0
print_info: file size   = 3.56 GiB (4.54 BPW) 
load: special_eos_id is not in special_eog_ids - the tokenizer config may be incorrect
load: printing all EOG tokens:
load:   - 2 ('</s>')
load: special tokens cache size = 3
load: token to piece cache size = 0.1684 MB
print_info: arch             = llama
print_info: vocab_only       = 1
print_info: model type       = ?B
print_info: model params     = 6.74 B
print_info: general.name     = LLaMA v2
print_info: vocab type       = SPM
print_info: n_vocab          = 32000
print_info: n_merges         = 0
print_info: BOS token        = 1 '<s>'
print_info: EOS token        = 2 '</s>'
print_info: UNK token        = 0 '<unk>'
print_info: LF token         = 13 '<0x0A>'
print_info: EOG token        = 2 '</s>'
print_info: max token length = 48
llama_model_load: vocab only - skipping tensors
time=2025-11-10T17:53:37.326Z level=INFO source=server.go:400 msg="starting runner" cmd="/usr/local/bin/ollama runner --model /home/codespace/.ollama/models/blobs/sha256-8934d96d3f08982e95922b2b7a2c626a1fe873d7c3b06e8e56d7bc0a1fef9246 --port 39605"
time=2025-11-10T17:53:37.326Z level=INFO source=server.go:470 msg="system memory" total="7.8 GiB" free="2.4 GiB" free_swap="0 B"
time=2025-11-10T17:53:37.327Z level=INFO source=server.go:474 msg="model requires more memory than is currently available, evicting a model to make space" estimate.library="" estimate.layers.requested=0 estimate.layers.model=0 estimate.layers.offload=0 estimate.layers.split=[] estimate.memory.available=[] estimate.memory.gpu_overhead="0 B" estimate.memory.required.full="0 B" estimate.memory.required.partial="0 B" estimate.memory.required.kv="0 B" estimate.memory.required.allocations=[] estimate.memory.weights.total="0 B" estimate.memory.weights.repeating="0 B" estimate.memory.weights.nonrepeating="0 B" estimate.memory.graph.full="0 B" estimate.memory.graph.partial="0 B"
time=2025-11-10T17:53:37.327Z level=INFO source=sched.go:445 msg="model is too large for system memory" requireFull=false
[GIN] 2025/11/10 - 17:53:37 | 500 |  108.868109ms |       127.0.0.1 | POST     "/api/generate"
llama_model_loader: loaded meta data with 23 key-value pairs and 291 tensors from /home/codespace/.ollama/models/blobs/sha256-8934d96d3f08982e95922b2b7a2c626a1fe873d7c3b06e8e56d7bc0a1fef9246 (version GGUF V3 (latest))
llama_model_loader: Dumping metadata keys/values. Note: KV overrides do not apply in this output.
llama_model_loader: - kv   0:                       general.architecture str              = llama
llama_model_loader: - kv   1:                               general.name str              = LLaMA v2
llama_model_loader: - kv   2:                       llama.context_length u32              = 4096
llama_model_loader: - kv   3:                     llama.embedding_length u32              = 4096
llama_model_loader: - kv   4:                          llama.block_count u32              = 32
llama_model_loader: - kv   5:                  llama.feed_forward_length u32              = 11008
llama_model_loader: - kv   6:                 llama.rope.dimension_count u32              = 128
llama_model_loader: - kv   7:                 llama.attention.head_count u32              = 32
llama_model_loader: - kv   8:              llama.attention.head_count_kv u32              = 32
llama_model_loader: - kv   9:     llama.attention.layer_norm_rms_epsilon f32              = 0.000010
llama_model_loader: - kv  10:                          general.file_type u32              = 2
llama_model_loader: - kv  11:                       tokenizer.ggml.model str              = llama
llama_model_loader: - kv  12:                      tokenizer.ggml.tokens arr[str,32000]   = ["<unk>", "<s>", "</s>", "<0x00>", "<...
llama_model_loader: - kv  13:                      tokenizer.ggml.scores arr[f32,32000]   = [0.000000, 0.000000, 0.000000, 0.0000...
llama_model_loader: - kv  14:                  tokenizer.ggml.token_type arr[i32,32000]   = [2, 3, 3, 6, 6, 6, 6, 6, 6, 6, 6, 6, ...
llama_model_loader: - kv  15:                      tokenizer.ggml.merges arr[str,61249]   = ["▁ t", "e r", "i n", "▁ a", "e n...
llama_model_loader: - kv  16:                tokenizer.ggml.bos_token_id u32              = 1
llama_model_loader: - kv  17:                tokenizer.ggml.eos_token_id u32              = 2
llama_model_loader: - kv  18:            tokenizer.ggml.unknown_token_id u32              = 0
llama_model_loader: - kv  19:               tokenizer.ggml.add_bos_token bool             = true
llama_model_loader: - kv  20:               tokenizer.ggml.add_eos_token bool             = false
llama_model_loader: - kv  21:                    tokenizer.chat_template str              = {% if messages[0]['role'] == 'system'...
llama_model_loader: - kv  22:               general.quantization_version u32              = 2
llama_model_loader: - type  f32:   65 tensors
llama_model_loader: - type q4_0:  225 tensors
llama_model_loader: - type q6_K:    1 tensors
print_info: file format = GGUF V3 (latest)
print_info: file type   = Q4_0
print_info: file size   = 3.56 GiB (4.54 BPW) 
load: special_eos_id is not in special_eog_ids - the tokenizer config may be incorrect
load: printing all EOG tokens:
load:   - 2 ('</s>')
load: special tokens cache size = 3
load: token to piece cache size = 0.1684 MB
print_info: arch             = llama
print_info: vocab_only       = 1
print_info: model type       = ?B
print_info: model params     = 6.74 B
print_info: general.name     = LLaMA v2
print_info: vocab type       = SPM
print_info: n_vocab          = 32000
print_info: n_merges         = 0
print_info: BOS token        = 1 '<s>'
print_info: EOS token        = 2 '</s>'
print_info: UNK token        = 0 '<unk>'
print_info: LF token         = 13 '<0x0A>'
print_info: EOG token        = 2 '</s>'
print_info: max token length = 48
llama_model_load: vocab only - skipping tensors
time=2025-11-10T17:54:54.028Z level=INFO source=server.go:400 msg="starting runner" cmd="/usr/local/bin/ollama runner --model /home/codespace/.ollama/models/blobs/sha256-8934d96d3f08982e95922b2b7a2c626a1fe873d7c3b06e8e56d7bc0a1fef9246 --port 43651"
time=2025-11-10T17:54:54.029Z level=INFO source=server.go:470 msg="system memory" total="7.8 GiB" free="2.6 GiB" free_swap="0 B"
time=2025-11-10T17:54:54.029Z level=INFO source=server.go:474 msg="model requires more memory than is currently available, evicting a model to make space" estimate.library="" estimate.layers.requested=0 estimate.layers.model=0 estimate.layers.offload=0 estimate.layers.split=[] estimate.memory.available=[] estimate.memory.gpu_overhead="0 B" estimate.memory.required.full="0 B" estimate.memory.required.partial="0 B" estimate.memory.required.kv="0 B" estimate.memory.required.allocations=[] estimate.memory.weights.total="0 B" estimate.memory.weights.repeating="0 B" estimate.memory.weights.nonrepeating="0 B" estimate.memory.graph.full="0 B" estimate.memory.graph.partial="0 B"
time=2025-11-10T17:54:54.029Z level=INFO source=sched.go:445 msg="model is too large for system memory" requireFull=false
[GIN] 2025/11/10 - 17:54:54 | 500 |  147.313964ms |       127.0.0.1 | POST     "/api/generate"
llama_model_loader: loaded meta data with 23 key-value pairs and 291 tensors from /home/codespace/.ollama/models/blobs/sha256-8934d96d3f08982e95922b2b7a2c626a1fe873d7c3b06e8e56d7bc0a1fef9246 (version GGUF V3 (latest))
llama_model_loader: Dumping metadata keys/values. Note: KV overrides do not apply in this output.
llama_model_loader: - kv   0:                       general.architecture str              = llama
llama_model_loader: - kv   1:                               general.name str              = LLaMA v2
llama_model_loader: - kv   2:                       llama.context_length u32              = 4096
llama_model_loader: - kv   3:                     llama.embedding_length u32              = 4096
llama_model_loader: - kv   4:                          llama.block_count u32              = 32
llama_model_loader: - kv   5:                  llama.feed_forward_length u32              = 11008
llama_model_loader: - kv   6:                 llama.rope.dimension_count u32              = 128
llama_model_loader: - kv   7:                 llama.attention.head_count u32              = 32
llama_model_loader: - kv   8:              llama.attention.head_count_kv u32              = 32
llama_model_loader: - kv   9:     llama.attention.layer_norm_rms_epsilon f32              = 0.000010
llama_model_loader: - kv  10:                          general.file_type u32              = 2
llama_model_loader: - kv  11:                       tokenizer.ggml.model str              = llama
llama_model_loader: - kv  12:                      tokenizer.ggml.tokens arr[str,32000]   = ["<unk>", "<s>", "</s>", "<0x00>", "<...
llama_model_loader: - kv  13:                      tokenizer.ggml.scores arr[f32,32000]   = [0.000000, 0.000000, 0.000000, 0.0000...
llama_model_loader: - kv  14:                  tokenizer.ggml.token_type arr[i32,32000]   = [2, 3, 3, 6, 6, 6, 6, 6, 6, 6, 6, 6, ...
llama_model_loader: - kv  15:                      tokenizer.ggml.merges arr[str,61249]   = ["▁ t", "e r", "i n", "▁ a", "e n...
llama_model_loader: - kv  16:                tokenizer.ggml.bos_token_id u32              = 1
llama_model_loader: - kv  17:                tokenizer.ggml.eos_token_id u32              = 2
llama_model_loader: - kv  18:            tokenizer.ggml.unknown_token_id u32              = 0
llama_model_loader: - kv  19:               tokenizer.ggml.add_bos_token bool             = true
llama_model_loader: - kv  20:               tokenizer.ggml.add_eos_token bool             = false
llama_model_loader: - kv  21:                    tokenizer.chat_template str              = {% if messages[0]['role'] == 'system'...
llama_model_loader: - kv  22:               general.quantization_version u32              = 2
llama_model_loader: - type  f32:   65 tensors
llama_model_loader: - type q4_0:  225 tensors
llama_model_loader: - type q6_K:    1 tensors
print_info: file format = GGUF V3 (latest)
print_info: file type   = Q4_0
print_info: file size   = 3.56 GiB (4.54 BPW) 
load: special_eos_id is not in special_eog_ids - the tokenizer config may be incorrect
load: printing all EOG tokens:
load:   - 2 ('</s>')
load: special tokens cache size = 3
load: token to piece cache size = 0.1684 MB
print_info: arch             = llama
print_info: vocab_only       = 1
print_info: model type       = ?B
print_info: model params     = 6.74 B
print_info: general.name     = LLaMA v2
print_info: vocab type       = SPM
print_info: n_vocab          = 32000
print_info: n_merges         = 0
print_info: BOS token        = 1 '<s>'
print_info: EOS token        = 2 '</s>'
print_info: UNK token        = 0 '<unk>'
print_info: LF token         = 13 '<0x0A>'
print_info: EOG token        = 2 '</s>'
print_info: max token length = 48
llama_model_load: vocab only - skipping tensors
time=2025-11-10T17:54:54.157Z level=INFO source=server.go:400 msg="starting runner" cmd="/usr/local/bin/ollama runner --model /home/codespace/.ollama/models/blobs/sha256-8934d96d3f08982e95922b2b7a2c626a1fe873d7c3b06e8e56d7bc0a1fef9246 --port 41039"
time=2025-11-10T17:54:54.157Z level=INFO source=server.go:470 msg="system memory" total="7.8 GiB" free="2.6 GiB" free_swap="0 B"
time=2025-11-10T17:54:54.158Z level=INFO source=server.go:474 msg="model requires more memory than is currently available, evicting a model to make space" estimate.library="" estimate.layers.requested=0 estimate.layers.model=0 estimate.layers.offload=0 estimate.layers.split=[] estimate.memory.available=[] estimate.memory.gpu_overhead="0 B" estimate.memory.required.full="0 B" estimate.memory.required.partial="0 B" estimate.memory.required.kv="0 B" estimate.memory.required.allocations=[] estimate.memory.weights.total="0 B" estimate.memory.weights.repeating="0 B" estimate.memory.weights.nonrepeating="0 B" estimate.memory.graph.full="0 B" estimate.memory.graph.partial="0 B"
time=2025-11-10T17:54:54.158Z level=INFO source=sched.go:445 msg="model is too large for system memory" requireFull=false
[GIN] 2025/11/10 - 17:54:54 | 500 |  277.464807ms |       127.0.0.1 | POST     "/api/generate"
llama_model_loader: loaded meta data with 23 key-value pairs and 291 tensors from /home/codespace/.ollama/models/blobs/sha256-8934d96d3f08982e95922b2b7a2c626a1fe873d7c3b06e8e56d7bc0a1fef9246 (version GGUF V3 (latest))
llama_model_loader: Dumping metadata keys/values. Note: KV overrides do not apply in this output.
llama_model_loader: - kv   0:                       general.architecture str              = llama
llama_model_loader: - kv   1:                               general.name str              = LLaMA v2
llama_model_loader: - kv   2:                       llama.context_length u32              = 4096
llama_model_loader: - kv   3:                     llama.embedding_length u32              = 4096
llama_model_loader: - kv   4:                          llama.block_count u32              = 32
llama_model_loader: - kv   5:                  llama.feed_forward_length u32              = 11008
llama_model_loader: - kv   6:                 llama.rope.dimension_count u32              = 128
llama_model_loader: - kv   7:                 llama.attention.head_count u32              = 32
llama_model_loader: - kv   8:              llama.attention.head_count_kv u32              = 32
llama_model_loader: - kv   9:     llama.attention.layer_norm_rms_epsilon f32              = 0.000010
llama_model_loader: - kv  10:                          general.file_type u32              = 2
llama_model_loader: - kv  11:                       tokenizer.ggml.model str              = llama
llama_model_loader: - kv  12:                      tokenizer.ggml.tokens arr[str,32000]   = ["<unk>", "<s>", "</s>", "<0x00>", "<...
llama_model_loader: - kv  13:                      tokenizer.ggml.scores arr[f32,32000]   = [0.000000, 0.000000, 0.000000, 0.0000...
llama_model_loader: - kv  14:                  tokenizer.ggml.token_type arr[i32,32000]   = [2, 3, 3, 6, 6, 6, 6, 6, 6, 6, 6, 6, ...
llama_model_loader: - kv  15:                      tokenizer.ggml.merges arr[str,61249]   = ["▁ t", "e r", "i n", "▁ a", "e n...
llama_model_loader: - kv  16:                tokenizer.ggml.bos_token_id u32              = 1
llama_model_loader: - kv  17:                tokenizer.ggml.eos_token_id u32              = 2
llama_model_loader: - kv  18:            tokenizer.ggml.unknown_token_id u32              = 0
llama_model_loader: - kv  19:               tokenizer.ggml.add_bos_token bool             = true
llama_model_loader: - kv  20:               tokenizer.ggml.add_eos_token bool             = false
llama_model_loader: - kv  21:                    tokenizer.chat_template str              = {% if messages[0]['role'] == 'system'...
llama_model_loader: - kv  22:               general.quantization_version u32              = 2
llama_model_loader: - type  f32:   65 tensors
llama_model_loader: - type q4_0:  225 tensors
llama_model_loader: - type q6_K:    1 tensors
print_info: file format = GGUF V3 (latest)
print_info: file type   = Q4_0
print_info: file size   = 3.56 GiB (4.54 BPW) 
load: special_eos_id is not in special_eog_ids - the tokenizer config may be incorrect
load: printing all EOG tokens:
load:   - 2 ('</s>')
load: special tokens cache size = 3
load: token to piece cache size = 0.1684 MB
print_info: arch             = llama
print_info: vocab_only       = 1
print_info: model type       = ?B
print_info: model params     = 6.74 B
print_info: general.name     = LLaMA v2
print_info: vocab type       = SPM
print_info: n_vocab          = 32000
print_info: n_merges         = 0
print_info: BOS token        = 1 '<s>'
print_info: EOS token        = 2 '</s>'
print_info: UNK token        = 0 '<unk>'
print_info: LF token         = 13 '<0x0A>'
print_info: EOG token        = 2 '</s>'
print_info: max token length = 48
llama_model_load: vocab only - skipping tensors
time=2025-11-10T17:54:54.241Z level=INFO source=server.go:400 msg="starting runner" cmd="/usr/local/bin/ollama runner --model /home/codespace/.ollama/models/blobs/sha256-8934d96d3f08982e95922b2b7a2c626a1fe873d7c3b06e8e56d7bc0a1fef9246 --port 38447"
time=2025-11-10T17:54:54.242Z level=INFO source=server.go:470 msg="system memory" total="7.8 GiB" free="2.6 GiB" free_swap="0 B"
time=2025-11-10T17:54:54.242Z level=INFO source=server.go:474 msg="model requires more memory than is currently available, evicting a model to make space" estimate.library="" estimate.layers.requested=0 estimate.layers.model=0 estimate.layers.offload=0 estimate.layers.split=[] estimate.memory.available=[] estimate.memory.gpu_overhead="0 B" estimate.memory.required.full="0 B" estimate.memory.required.partial="0 B" estimate.memory.required.kv="0 B" estimate.memory.required.allocations=[] estimate.memory.weights.total="0 B" estimate.memory.weights.repeating="0 B" estimate.memory.weights.nonrepeating="0 B" estimate.memory.graph.full="0 B" estimate.memory.graph.partial="0 B"
time=2025-11-10T17:54:54.242Z level=INFO source=sched.go:445 msg="model is too large for system memory" requireFull=false
[GIN] 2025/11/10 - 17:54:54 | 500 |  185.844208ms |       127.0.0.1 | POST     "/api/generate"
time=2025-11-10T17:55:09.555Z level=WARN source=types.go:755 msg="invalid option provided" option=max_tokens
llama_model_loader: loaded meta data with 23 key-value pairs and 291 tensors from /home/codespace/.ollama/models/blobs/sha256-8934d96d3f08982e95922b2b7a2c626a1fe873d7c3b06e8e56d7bc0a1fef9246 (version GGUF V3 (latest))
llama_model_loader: Dumping metadata keys/values. Note: KV overrides do not apply in this output.
llama_model_loader: - kv   0:                       general.architecture str              = llama
llama_model_loader: - kv   1:                               general.name str              = LLaMA v2
llama_model_loader: - kv   2:                       llama.context_length u32              = 4096
llama_model_loader: - kv   3:                     llama.embedding_length u32              = 4096
llama_model_loader: - kv   4:                          llama.block_count u32              = 32
llama_model_loader: - kv   5:                  llama.feed_forward_length u32              = 11008
llama_model_loader: - kv   6:                 llama.rope.dimension_count u32              = 128
llama_model_loader: - kv   7:                 llama.attention.head_count u32              = 32
llama_model_loader: - kv   8:              llama.attention.head_count_kv u32              = 32
llama_model_loader: - kv   9:     llama.attention.layer_norm_rms_epsilon f32              = 0.000010
llama_model_loader: - kv  10:                          general.file_type u32              = 2
llama_model_loader: - kv  11:                       tokenizer.ggml.model str              = llama
llama_model_loader: - kv  12:                      tokenizer.ggml.tokens arr[str,32000]   = ["<unk>", "<s>", "</s>", "<0x00>", "<...
llama_model_loader: - kv  13:                      tokenizer.ggml.scores arr[f32,32000]   = [0.000000, 0.000000, 0.000000, 0.0000...
llama_model_loader: - kv  14:                  tokenizer.ggml.token_type arr[i32,32000]   = [2, 3, 3, 6, 6, 6, 6, 6, 6, 6, 6, 6, ...
llama_model_loader: - kv  15:                      tokenizer.ggml.merges arr[str,61249]   = ["▁ t", "e r", "i n", "▁ a", "e n...
llama_model_loader: - kv  16:                tokenizer.ggml.bos_token_id u32              = 1
llama_model_loader: - kv  17:                tokenizer.ggml.eos_token_id u32              = 2
llama_model_loader: - kv  18:            tokenizer.ggml.unknown_token_id u32              = 0
llama_model_loader: - kv  19:               tokenizer.ggml.add_bos_token bool             = true
llama_model_loader: - kv  20:               tokenizer.ggml.add_eos_token bool             = false
llama_model_loader: - kv  21:                    tokenizer.chat_template str              = {% if messages[0]['role'] == 'system'...
llama_model_loader: - kv  22:               general.quantization_version u32              = 2
llama_model_loader: - type  f32:   65 tensors
llama_model_loader: - type q4_0:  225 tensors
llama_model_loader: - type q6_K:    1 tensors
print_info: file format = GGUF V3 (latest)
print_info: file type   = Q4_0
print_info: file size   = 3.56 GiB (4.54 BPW) 
load: special_eos_id is not in special_eog_ids - the tokenizer config may be incorrect
load: printing all EOG tokens:
load:   - 2 ('</s>')
load: special tokens cache size = 3
load: token to piece cache size = 0.1684 MB
print_info: arch             = llama
print_info: vocab_only       = 1
print_info: model type       = ?B
print_info: model params     = 6.74 B
print_info: general.name     = LLaMA v2
print_info: vocab type       = SPM
print_info: n_vocab          = 32000
print_info: n_merges         = 0
print_info: BOS token        = 1 '<s>'
print_info: EOS token        = 2 '</s>'
print_info: UNK token        = 0 '<unk>'
print_info: LF token         = 13 '<0x0A>'
print_info: EOG token        = 2 '</s>'
print_info: max token length = 48
llama_model_load: vocab only - skipping tensors
time=2025-11-10T17:55:09.666Z level=INFO source=server.go:400 msg="starting runner" cmd="/usr/local/bin/ollama runner --model /home/codespace/.ollama/models/blobs/sha256-8934d96d3f08982e95922b2b7a2c626a1fe873d7c3b06e8e56d7bc0a1fef9246 --port 44375"
time=2025-11-10T17:55:09.666Z level=INFO source=server.go:470 msg="system memory" total="7.8 GiB" free="2.5 GiB" free_swap="0 B"
time=2025-11-10T17:55:09.667Z level=INFO source=server.go:474 msg="model requires more memory than is currently available, evicting a model to make space" estimate.library="" estimate.layers.requested=0 estimate.layers.model=0 estimate.layers.offload=0 estimate.layers.split=[] estimate.memory.available=[] estimate.memory.gpu_overhead="0 B" estimate.memory.required.full="0 B" estimate.memory.required.partial="0 B" estimate.memory.required.kv="0 B" estimate.memory.required.allocations=[] estimate.memory.weights.total="0 B" estimate.memory.weights.repeating="0 B" estimate.memory.weights.nonrepeating="0 B" estimate.memory.graph.full="0 B" estimate.memory.graph.partial="0 B"
time=2025-11-10T17:55:09.667Z level=INFO source=sched.go:445 msg="model is too large for system memory" requireFull=false
[GIN] 2025/11/10 - 17:55:09 | 500 |  166.532347ms |       127.0.0.1 | POST     "/api/generate"
time=2025-11-10T17:55:11.435Z level=WARN source=types.go:755 msg="invalid option provided" option=max_tokens
llama_model_loader: loaded meta data with 23 key-value pairs and 291 tensors from /home/codespace/.ollama/models/blobs/sha256-8934d96d3f08982e95922b2b7a2c626a1fe873d7c3b06e8e56d7bc0a1fef9246 (version GGUF V3 (latest))
llama_model_loader: Dumping metadata keys/values. Note: KV overrides do not apply in this output.
llama_model_loader: - kv   0:                       general.architecture str              = llama
llama_model_loader: - kv   1:                               general.name str              = LLaMA v2
llama_model_loader: - kv   2:                       llama.context_length u32              = 4096
llama_model_loader: - kv   3:                     llama.embedding_length u32              = 4096
llama_model_loader: - kv   4:                          llama.block_count u32              = 32
llama_model_loader: - kv   5:                  llama.feed_forward_length u32              = 11008
llama_model_loader: - kv   6:                 llama.rope.dimension_count u32              = 128
llama_model_loader: - kv   7:                 llama.attention.head_count u32              = 32
llama_model_loader: - kv   8:              llama.attention.head_count_kv u32              = 32
llama_model_loader: - kv   9:     llama.attention.layer_norm_rms_epsilon f32              = 0.000010
llama_model_loader: - kv  10:                          general.file_type u32              = 2
llama_model_loader: - kv  11:                       tokenizer.ggml.model str              = llama
llama_model_loader: - kv  12:                      tokenizer.ggml.tokens arr[str,32000]   = ["<unk>", "<s>", "</s>", "<0x00>", "<...
llama_model_loader: - kv  13:                      tokenizer.ggml.scores arr[f32,32000]   = [0.000000, 0.000000, 0.000000, 0.0000...
llama_model_loader: - kv  14:                  tokenizer.ggml.token_type arr[i32,32000]   = [2, 3, 3, 6, 6, 6, 6, 6, 6, 6, 6, 6, ...
llama_model_loader: - kv  15:                      tokenizer.ggml.merges arr[str,61249]   = ["▁ t", "e r", "i n", "▁ a", "e n...
llama_model_loader: - kv  16:                tokenizer.ggml.bos_token_id u32              = 1
llama_model_loader: - kv  17:                tokenizer.ggml.eos_token_id u32              = 2
llama_model_loader: - kv  18:            tokenizer.ggml.unknown_token_id u32              = 0
llama_model_loader: - kv  19:               tokenizer.ggml.add_bos_token bool             = true
llama_model_loader: - kv  20:               tokenizer.ggml.add_eos_token bool             = false
llama_model_loader: - kv  21:                    tokenizer.chat_template str              = {% if messages[0]['role'] == 'system'...
llama_model_loader: - kv  22:               general.quantization_version u32              = 2
llama_model_loader: - type  f32:   65 tensors
llama_model_loader: - type q4_0:  225 tensors
llama_model_loader: - type q6_K:    1 tensors
print_info: file format = GGUF V3 (latest)
print_info: file type   = Q4_0
print_info: file size   = 3.56 GiB (4.54 BPW) 
load: special_eos_id is not in special_eog_ids - the tokenizer config may be incorrect
load: printing all EOG tokens:
load:   - 2 ('</s>')
load: special tokens cache size = 3
load: token to piece cache size = 0.1684 MB
print_info: arch             = llama
print_info: vocab_only       = 1
print_info: model type       = ?B
print_info: model params     = 6.74 B
print_info: general.name     = LLaMA v2
print_info: vocab type       = SPM
print_info: n_vocab          = 32000
print_info: n_merges         = 0
print_info: BOS token        = 1 '<s>'
print_info: EOS token        = 2 '</s>'
print_info: UNK token        = 0 '<unk>'
print_info: LF token         = 13 '<0x0A>'
print_info: EOG token        = 2 '</s>'
print_info: max token length = 48
llama_model_load: vocab only - skipping tensors
time=2025-11-10T17:55:11.564Z level=INFO source=server.go:400 msg="starting runner" cmd="/usr/local/bin/ollama runner --model /home/codespace/.ollama/models/blobs/sha256-8934d96d3f08982e95922b2b7a2c626a1fe873d7c3b06e8e56d7bc0a1fef9246 --port 38929"
time=2025-11-10T17:55:11.564Z level=INFO source=server.go:470 msg="system memory" total="7.8 GiB" free="2.5 GiB" free_swap="0 B"
time=2025-11-10T17:55:11.564Z level=INFO source=server.go:474 msg="model requires more memory than is currently available, evicting a model to make space" estimate.library="" estimate.layers.requested=0 estimate.layers.model=0 estimate.layers.offload=0 estimate.layers.split=[] estimate.memory.available=[] estimate.memory.gpu_overhead="0 B" estimate.memory.required.full="0 B" estimate.memory.required.partial="0 B" estimate.memory.required.kv="0 B" estimate.memory.required.allocations=[] estimate.memory.weights.total="0 B" estimate.memory.weights.repeating="0 B" estimate.memory.weights.nonrepeating="0 B" estimate.memory.graph.full="0 B" estimate.memory.graph.partial="0 B"
time=2025-11-10T17:55:11.565Z level=INFO source=sched.go:445 msg="model is too large for system memory" requireFull=false
[GIN] 2025/11/10 - 17:55:11 | 500 |  177.300792ms |       127.0.0.1 | POST     "/api/generate"
llama_model_loader: loaded meta data with 23 key-value pairs and 291 tensors from /home/codespace/.ollama/models/blobs/sha256-8934d96d3f08982e95922b2b7a2c626a1fe873d7c3b06e8e56d7bc0a1fef9246 (version GGUF V3 (latest))
llama_model_loader: Dumping metadata keys/values. Note: KV overrides do not apply in this output.
llama_model_loader: - kv   0:                       general.architecture str              = llama
llama_model_loader: - kv   1:                               general.name str              = LLaMA v2
llama_model_loader: - kv   2:                       llama.context_length u32              = 4096
llama_model_loader: - kv   3:                     llama.embedding_length u32              = 4096
llama_model_loader: - kv   4:                          llama.block_count u32              = 32
llama_model_loader: - kv   5:                  llama.feed_forward_length u32              = 11008
llama_model_loader: - kv   6:                 llama.rope.dimension_count u32              = 128
llama_model_loader: - kv   7:                 llama.attention.head_count u32              = 32
llama_model_loader: - kv   8:              llama.attention.head_count_kv u32              = 32
llama_model_loader: - kv   9:     llama.attention.layer_norm_rms_epsilon f32              = 0.000010
llama_model_loader: - kv  10:                          general.file_type u32              = 2
llama_model_loader: - kv  11:                       tokenizer.ggml.model str              = llama
llama_model_loader: - kv  12:                      tokenizer.ggml.tokens arr[str,32000]   = ["<unk>", "<s>", "</s>", "<0x00>", "<...
llama_model_loader: - kv  13:                      tokenizer.ggml.scores arr[f32,32000]   = [0.000000, 0.000000, 0.000000, 0.0000...
llama_model_loader: - kv  14:                  tokenizer.ggml.token_type arr[i32,32000]   = [2, 3, 3, 6, 6, 6, 6, 6, 6, 6, 6, 6, ...
llama_model_loader: - kv  15:                      tokenizer.ggml.merges arr[str,61249]   = ["▁ t", "e r", "i n", "▁ a", "e n...
llama_model_loader: - kv  16:                tokenizer.ggml.bos_token_id u32              = 1
llama_model_loader: - kv  17:                tokenizer.ggml.eos_token_id u32              = 2
llama_model_loader: - kv  18:            tokenizer.ggml.unknown_token_id u32              = 0
llama_model_loader: - kv  19:               tokenizer.ggml.add_bos_token bool             = true
llama_model_loader: - kv  20:               tokenizer.ggml.add_eos_token bool             = false
llama_model_loader: - kv  21:                    tokenizer.chat_template str              = {% if messages[0]['role'] == 'system'...
llama_model_loader: - kv  22:               general.quantization_version u32              = 2
llama_model_loader: - type  f32:   65 tensors
llama_model_loader: - type q4_0:  225 tensors
llama_model_loader: - type q6_K:    1 tensors
print_info: file format = GGUF V3 (latest)
print_info: file type   = Q4_0
print_info: file size   = 3.56 GiB (4.54 BPW) 
load: special_eos_id is not in special_eog_ids - the tokenizer config may be incorrect
load: printing all EOG tokens:
load:   - 2 ('</s>')
load: special tokens cache size = 3
load: token to piece cache size = 0.1684 MB
print_info: arch             = llama
print_info: vocab_only       = 1
print_info: model type       = ?B
print_info: model params     = 6.74 B
print_info: general.name     = LLaMA v2
print_info: vocab type       = SPM
print_info: n_vocab          = 32000
print_info: n_merges         = 0
print_info: BOS token        = 1 '<s>'
print_info: EOS token        = 2 '</s>'
print_info: UNK token        = 0 '<unk>'
print_info: LF token         = 13 '<0x0A>'
print_info: EOG token        = 2 '</s>'
print_info: max token length = 48
llama_model_load: vocab only - skipping tensors
time=2025-11-10T17:55:11.639Z level=INFO source=server.go:400 msg="starting runner" cmd="/usr/local/bin/ollama runner --model /home/codespace/.ollama/models/blobs/sha256-8934d96d3f08982e95922b2b7a2c626a1fe873d7c3b06e8e56d7bc0a1fef9246 --port 39591"
time=2025-11-10T17:55:11.640Z level=INFO source=server.go:470 msg="system memory" total="7.8 GiB" free="2.5 GiB" free_swap="0 B"
time=2025-11-10T17:55:11.640Z level=INFO source=server.go:474 msg="model requires more memory than is currently available, evicting a model to make space" estimate.library="" estimate.layers.requested=0 estimate.layers.model=0 estimate.layers.offload=0 estimate.layers.split=[] estimate.memory.available=[] estimate.memory.gpu_overhead="0 B" estimate.memory.required.full="0 B" estimate.memory.required.partial="0 B" estimate.memory.required.kv="0 B" estimate.memory.required.allocations=[] estimate.memory.weights.total="0 B" estimate.memory.weights.repeating="0 B" estimate.memory.weights.nonrepeating="0 B" estimate.memory.graph.full="0 B" estimate.memory.graph.partial="0 B"
time=2025-11-10T17:55:11.640Z level=INFO source=sched.go:445 msg="model is too large for system memory" requireFull=false
[GIN] 2025/11/10 - 17:55:11 | 500 |  253.579782ms |       127.0.0.1 | POST     "/api/generate"
llama_model_loader: loaded meta data with 23 key-value pairs and 291 tensors from /home/codespace/.ollama/models/blobs/sha256-8934d96d3f08982e95922b2b7a2c626a1fe873d7c3b06e8e56d7bc0a1fef9246 (version GGUF V3 (latest))
llama_model_loader: Dumping metadata keys/values. Note: KV overrides do not apply in this output.
llama_model_loader: - kv   0:                       general.architecture str              = llama
llama_model_loader: - kv   1:                               general.name str              = LLaMA v2
llama_model_loader: - kv   2:                       llama.context_length u32              = 4096
llama_model_loader: - kv   3:                     llama.embedding_length u32              = 4096
llama_model_loader: - kv   4:                          llama.block_count u32              = 32
llama_model_loader: - kv   5:                  llama.feed_forward_length u32              = 11008
llama_model_loader: - kv   6:                 llama.rope.dimension_count u32              = 128
llama_model_loader: - kv   7:                 llama.attention.head_count u32              = 32
llama_model_loader: - kv   8:              llama.attention.head_count_kv u32              = 32
llama_model_loader: - kv   9:     llama.attention.layer_norm_rms_epsilon f32              = 0.000010
llama_model_loader: - kv  10:                          general.file_type u32              = 2
llama_model_loader: - kv  11:                       tokenizer.ggml.model str              = llama
llama_model_loader: - kv  12:                      tokenizer.ggml.tokens arr[str,32000]   = ["<unk>", "<s>", "</s>", "<0x00>", "<...
llama_model_loader: - kv  13:                      tokenizer.ggml.scores arr[f32,32000]   = [0.000000, 0.000000, 0.000000, 0.0000...
llama_model_loader: - kv  14:                  tokenizer.ggml.token_type arr[i32,32000]   = [2, 3, 3, 6, 6, 6, 6, 6, 6, 6, 6, 6, ...
llama_model_loader: - kv  15:                      tokenizer.ggml.merges arr[str,61249]   = ["▁ t", "e r", "i n", "▁ a", "e n...
llama_model_loader: - kv  16:                tokenizer.ggml.bos_token_id u32              = 1
llama_model_loader: - kv  17:                tokenizer.ggml.eos_token_id u32              = 2
llama_model_loader: - kv  18:            tokenizer.ggml.unknown_token_id u32              = 0
llama_model_loader: - kv  19:               tokenizer.ggml.add_bos_token bool             = true
llama_model_loader: - kv  20:               tokenizer.ggml.add_eos_token bool             = false
llama_model_loader: - kv  21:                    tokenizer.chat_template str              = {% if messages[0]['role'] == 'system'...
llama_model_loader: - kv  22:               general.quantization_version u32              = 2
llama_model_loader: - type  f32:   65 tensors
llama_model_loader: - type q4_0:  225 tensors
llama_model_loader: - type q6_K:    1 tensors
print_info: file format = GGUF V3 (latest)
print_info: file type   = Q4_0
print_info: file size   = 3.56 GiB (4.54 BPW) 
load: special_eos_id is not in special_eog_ids - the tokenizer config may be incorrect
load: printing all EOG tokens:
load:   - 2 ('</s>')
load: special tokens cache size = 3
load: token to piece cache size = 0.1684 MB
print_info: arch             = llama
print_info: vocab_only       = 1
print_info: model type       = ?B
print_info: model params     = 6.74 B
print_info: general.name     = LLaMA v2
print_info: vocab type       = SPM
print_info: n_vocab          = 32000
print_info: n_merges         = 0
print_info: BOS token        = 1 '<s>'
print_info: EOS token        = 2 '</s>'
print_info: UNK token        = 0 '<unk>'
print_info: LF token         = 13 '<0x0A>'
print_info: EOG token        = 2 '</s>'
print_info: max token length = 48
llama_model_load: vocab only - skipping tensors
time=2025-11-10T17:55:38.909Z level=INFO source=server.go:400 msg="starting runner" cmd="/usr/local/bin/ollama runner --model /home/codespace/.ollama/models/blobs/sha256-8934d96d3f08982e95922b2b7a2c626a1fe873d7c3b06e8e56d7bc0a1fef9246 --port 40565"
time=2025-11-10T17:55:38.909Z level=INFO source=server.go:470 msg="system memory" total="7.8 GiB" free="2.4 GiB" free_swap="0 B"
time=2025-11-10T17:55:38.910Z level=INFO source=server.go:474 msg="model requires more memory than is currently available, evicting a model to make space" estimate.library="" estimate.layers.requested=0 estimate.layers.model=0 estimate.layers.offload=0 estimate.layers.split=[] estimate.memory.available=[] estimate.memory.gpu_overhead="0 B" estimate.memory.required.full="0 B" estimate.memory.required.partial="0 B" estimate.memory.required.kv="0 B" estimate.memory.required.allocations=[] estimate.memory.weights.total="0 B" estimate.memory.weights.repeating="0 B" estimate.memory.weights.nonrepeating="0 B" estimate.memory.graph.full="0 B" estimate.memory.graph.partial="0 B"
time=2025-11-10T17:55:38.910Z level=INFO source=sched.go:445 msg="model is too large for system memory" requireFull=false
[GIN] 2025/11/10 - 17:55:38 | 500 |  244.643673ms |       127.0.0.1 | POST     "/api/generate"
llama_model_loader: loaded meta data with 23 key-value pairs and 291 tensors from /home/codespace/.ollama/models/blobs/sha256-8934d96d3f08982e95922b2b7a2c626a1fe873d7c3b06e8e56d7bc0a1fef9246 (version GGUF V3 (latest))
llama_model_loader: Dumping metadata keys/values. Note: KV overrides do not apply in this output.
llama_model_loader: - kv   0:                       general.architecture str              = llama
llama_model_loader: - kv   1:                               general.name str              = LLaMA v2
llama_model_loader: - kv   2:                       llama.context_length u32              = 4096
llama_model_loader: - kv   3:                     llama.embedding_length u32              = 4096
llama_model_loader: - kv   4:                          llama.block_count u32              = 32
llama_model_loader: - kv   5:                  llama.feed_forward_length u32              = 11008
llama_model_loader: - kv   6:                 llama.rope.dimension_count u32              = 128
llama_model_loader: - kv   7:                 llama.attention.head_count u32              = 32
llama_model_loader: - kv   8:              llama.attention.head_count_kv u32              = 32
llama_model_loader: - kv   9:     llama.attention.layer_norm_rms_epsilon f32              = 0.000010
llama_model_loader: - kv  10:                          general.file_type u32              = 2
llama_model_loader: - kv  11:                       tokenizer.ggml.model str              = llama
llama_model_loader: - kv  12:                      tokenizer.ggml.tokens arr[str,32000]   = ["<unk>", "<s>", "</s>", "<0x00>", "<...
llama_model_loader: - kv  13:                      tokenizer.ggml.scores arr[f32,32000]   = [0.000000, 0.000000, 0.000000, 0.0000...
llama_model_loader: - kv  14:                  tokenizer.ggml.token_type arr[i32,32000]   = [2, 3, 3, 6, 6, 6, 6, 6, 6, 6, 6, 6, ...
llama_model_loader: - kv  15:                      tokenizer.ggml.merges arr[str,61249]   = ["▁ t", "e r", "i n", "▁ a", "e n...
llama_model_loader: - kv  16:                tokenizer.ggml.bos_token_id u32              = 1
llama_model_loader: - kv  17:                tokenizer.ggml.eos_token_id u32              = 2
llama_model_loader: - kv  18:            tokenizer.ggml.unknown_token_id u32              = 0
llama_model_loader: - kv  19:               tokenizer.ggml.add_bos_token bool             = true
llama_model_loader: - kv  20:               tokenizer.ggml.add_eos_token bool             = false
llama_model_loader: - kv  21:                    tokenizer.chat_template str              = {% if messages[0]['role'] == 'system'...
llama_model_loader: - kv  22:               general.quantization_version u32              = 2
llama_model_loader: - type  f32:   65 tensors
llama_model_loader: - type q4_0:  225 tensors
llama_model_loader: - type q6_K:    1 tensors
print_info: file format = GGUF V3 (latest)
print_info: file type   = Q4_0
print_info: file size   = 3.56 GiB (4.54 BPW) 
load: special_eos_id is not in special_eog_ids - the tokenizer config may be incorrect
load: printing all EOG tokens:
load:   - 2 ('</s>')
load: special tokens cache size = 3
load: token to piece cache size = 0.1684 MB
print_info: arch             = llama
print_info: vocab_only       = 1
print_info: model type       = ?B
print_info: model params     = 6.74 B
print_info: general.name     = LLaMA v2
print_info: vocab type       = SPM
print_info: n_vocab          = 32000
print_info: n_merges         = 0
print_info: BOS token        = 1 '<s>'
print_info: EOS token        = 2 '</s>'
print_info: UNK token        = 0 '<unk>'
print_info: LF token         = 13 '<0x0A>'
print_info: EOG token        = 2 '</s>'
print_info: max token length = 48
llama_model_load: vocab only - skipping tensors
time=2025-11-10T17:55:39.021Z level=INFO source=server.go:400 msg="starting runner" cmd="/usr/local/bin/ollama runner --model /home/codespace/.ollama/models/blobs/sha256-8934d96d3f08982e95922b2b7a2c626a1fe873d7c3b06e8e56d7bc0a1fef9246 --port 41533"
time=2025-11-10T17:55:39.022Z level=INFO source=server.go:470 msg="system memory" total="7.8 GiB" free="2.4 GiB" free_swap="0 B"
time=2025-11-10T17:55:39.022Z level=INFO source=server.go:474 msg="model requires more memory than is currently available, evicting a model to make space" estimate.library="" estimate.layers.requested=0 estimate.layers.model=0 estimate.layers.offload=0 estimate.layers.split=[] estimate.memory.available=[] estimate.memory.gpu_overhead="0 B" estimate.memory.required.full="0 B" estimate.memory.required.partial="0 B" estimate.memory.required.kv="0 B" estimate.memory.required.allocations=[] estimate.memory.weights.total="0 B" estimate.memory.weights.repeating="0 B" estimate.memory.weights.nonrepeating="0 B" estimate.memory.graph.full="0 B" estimate.memory.graph.partial="0 B"
time=2025-11-10T17:55:39.024Z level=INFO source=sched.go:445 msg="model is too large for system memory" requireFull=false
[GIN] 2025/11/10 - 17:55:39 | 500 |  354.522267ms |       127.0.0.1 | POST     "/api/generate"
llama_model_loader: loaded meta data with 23 key-value pairs and 291 tensors from /home/codespace/.ollama/models/blobs/sha256-8934d96d3f08982e95922b2b7a2c626a1fe873d7c3b06e8e56d7bc0a1fef9246 (version GGUF V3 (latest))
llama_model_loader: Dumping metadata keys/values. Note: KV overrides do not apply in this output.
llama_model_loader: - kv   0:                       general.architecture str              = llama
llama_model_loader: - kv   1:                               general.name str              = LLaMA v2
llama_model_loader: - kv   2:                       llama.context_length u32              = 4096
llama_model_loader: - kv   3:                     llama.embedding_length u32              = 4096
llama_model_loader: - kv   4:                          llama.block_count u32              = 32
llama_model_loader: - kv   5:                  llama.feed_forward_length u32              = 11008
llama_model_loader: - kv   6:                 llama.rope.dimension_count u32              = 128
llama_model_loader: - kv   7:                 llama.attention.head_count u32              = 32
llama_model_loader: - kv   8:              llama.attention.head_count_kv u32              = 32
llama_model_loader: - kv   9:     llama.attention.layer_norm_rms_epsilon f32              = 0.000010
llama_model_loader: - kv  10:                          general.file_type u32              = 2
llama_model_loader: - kv  11:                       tokenizer.ggml.model str              = llama
llama_model_loader: - kv  12:                      tokenizer.ggml.tokens arr[str,32000]   = ["<unk>", "<s>", "</s>", "<0x00>", "<...
llama_model_loader: - kv  13:                      tokenizer.ggml.scores arr[f32,32000]   = [0.000000, 0.000000, 0.000000, 0.0000...
llama_model_loader: - kv  14:                  tokenizer.ggml.token_type arr[i32,32000]   = [2, 3, 3, 6, 6, 6, 6, 6, 6, 6, 6, 6, ...
llama_model_loader: - kv  15:                      tokenizer.ggml.merges arr[str,61249]   = ["▁ t", "e r", "i n", "▁ a", "e n...
llama_model_loader: - kv  16:                tokenizer.ggml.bos_token_id u32              = 1
llama_model_loader: - kv  17:                tokenizer.ggml.eos_token_id u32              = 2
llama_model_loader: - kv  18:            tokenizer.ggml.unknown_token_id u32              = 0
llama_model_loader: - kv  19:               tokenizer.ggml.add_bos_token bool             = true
llama_model_loader: - kv  20:               tokenizer.ggml.add_eos_token bool             = false
llama_model_loader: - kv  21:                    tokenizer.chat_template str              = {% if messages[0]['role'] == 'system'...
llama_model_loader: - kv  22:               general.quantization_version u32              = 2
llama_model_loader: - type  f32:   65 tensors
llama_model_loader: - type q4_0:  225 tensors
llama_model_loader: - type q6_K:    1 tensors
print_info: file format = GGUF V3 (latest)
print_info: file type   = Q4_0
print_info: file size   = 3.56 GiB (4.54 BPW) 
load: special_eos_id is not in special_eog_ids - the tokenizer config may be incorrect
load: printing all EOG tokens:
load:   - 2 ('</s>')
load: special tokens cache size = 3
load: token to piece cache size = 0.1684 MB
print_info: arch             = llama
print_info: vocab_only       = 1
print_info: model type       = ?B
print_info: model params     = 6.74 B
print_info: general.name     = LLaMA v2
print_info: vocab type       = SPM
print_info: n_vocab          = 32000
print_info: n_merges         = 0
print_info: BOS token        = 1 '<s>'
print_info: EOS token        = 2 '</s>'
print_info: UNK token        = 0 '<unk>'
print_info: LF token         = 13 '<0x0A>'
print_info: EOG token        = 2 '</s>'
print_info: max token length = 48
llama_model_load: vocab only - skipping tensors
time=2025-11-10T17:55:39.157Z level=INFO source=server.go:400 msg="starting runner" cmd="/usr/local/bin/ollama runner --model /home/codespace/.ollama/models/blobs/sha256-8934d96d3f08982e95922b2b7a2c626a1fe873d7c3b06e8e56d7bc0a1fef9246 --port 34593"
time=2025-11-10T17:55:39.161Z level=INFO source=server.go:470 msg="system memory" total="7.8 GiB" free="2.4 GiB" free_swap="0 B"
time=2025-11-10T17:55:39.163Z level=INFO source=server.go:474 msg="model requires more memory than is currently available, evicting a model to make space" estimate.library="" estimate.layers.requested=0 estimate.layers.model=0 estimate.layers.offload=0 estimate.layers.split=[] estimate.memory.available=[] estimate.memory.gpu_overhead="0 B" estimate.memory.required.full="0 B" estimate.memory.required.partial="0 B" estimate.memory.required.kv="0 B" estimate.memory.required.allocations=[] estimate.memory.weights.total="0 B" estimate.memory.weights.repeating="0 B" estimate.memory.weights.nonrepeating="0 B" estimate.memory.graph.full="0 B" estimate.memory.graph.partial="0 B"
time=2025-11-10T17:55:39.163Z level=INFO source=sched.go:445 msg="model is too large for system memory" requireFull=false
[GIN] 2025/11/10 - 17:55:39 | 500 |  163.061176ms |       127.0.0.1 | POST     "/api/generate"
time=2025-11-10T17:57:10.971Z level=WARN source=types.go:755 msg="invalid option provided" option=max_tokens
llama_model_loader: loaded meta data with 23 key-value pairs and 291 tensors from /home/codespace/.ollama/models/blobs/sha256-8934d96d3f08982e95922b2b7a2c626a1fe873d7c3b06e8e56d7bc0a1fef9246 (version GGUF V3 (latest))
llama_model_loader: Dumping metadata keys/values. Note: KV overrides do not apply in this output.
llama_model_loader: - kv   0:                       general.architecture str              = llama
llama_model_loader: - kv   1:                               general.name str              = LLaMA v2
llama_model_loader: - kv   2:                       llama.context_length u32              = 4096
llama_model_loader: - kv   3:                     llama.embedding_length u32              = 4096
llama_model_loader: - kv   4:                          llama.block_count u32              = 32
llama_model_loader: - kv   5:                  llama.feed_forward_length u32              = 11008
llama_model_loader: - kv   6:                 llama.rope.dimension_count u32              = 128
llama_model_loader: - kv   7:                 llama.attention.head_count u32              = 32
llama_model_loader: - kv   8:              llama.attention.head_count_kv u32              = 32
llama_model_loader: - kv   9:     llama.attention.layer_norm_rms_epsilon f32              = 0.000010
llama_model_loader: - kv  10:                          general.file_type u32              = 2
llama_model_loader: - kv  11:                       tokenizer.ggml.model str              = llama
llama_model_loader: - kv  12:                      tokenizer.ggml.tokens arr[str,32000]   = ["<unk>", "<s>", "</s>", "<0x00>", "<...
llama_model_loader: - kv  13:                      tokenizer.ggml.scores arr[f32,32000]   = [0.000000, 0.000000, 0.000000, 0.0000...
llama_model_loader: - kv  14:                  tokenizer.ggml.token_type arr[i32,32000]   = [2, 3, 3, 6, 6, 6, 6, 6, 6, 6, 6, 6, ...
llama_model_loader: - kv  15:                      tokenizer.ggml.merges arr[str,61249]   = ["▁ t", "e r", "i n", "▁ a", "e n...
llama_model_loader: - kv  16:                tokenizer.ggml.bos_token_id u32              = 1
llama_model_loader: - kv  17:                tokenizer.ggml.eos_token_id u32              = 2
llama_model_loader: - kv  18:            tokenizer.ggml.unknown_token_id u32              = 0
llama_model_loader: - kv  19:               tokenizer.ggml.add_bos_token bool             = true
llama_model_loader: - kv  20:               tokenizer.ggml.add_eos_token bool             = false
llama_model_loader: - kv  21:                    tokenizer.chat_template str              = {% if messages[0]['role'] == 'system'...
llama_model_loader: - kv  22:               general.quantization_version u32              = 2
llama_model_loader: - type  f32:   65 tensors
llama_model_loader: - type q4_0:  225 tensors
llama_model_loader: - type q6_K:    1 tensors
print_info: file format = GGUF V3 (latest)
print_info: file type   = Q4_0
print_info: file size   = 3.56 GiB (4.54 BPW) 
load: special_eos_id is not in special_eog_ids - the tokenizer config may be incorrect
load: printing all EOG tokens:
load:   - 2 ('</s>')
load: special tokens cache size = 3
load: token to piece cache size = 0.1684 MB
print_info: arch             = llama
print_info: vocab_only       = 1
print_info: model type       = ?B
print_info: model params     = 6.74 B
print_info: general.name     = LLaMA v2
print_info: vocab type       = SPM
print_info: n_vocab          = 32000
print_info: n_merges         = 0
print_info: BOS token        = 1 '<s>'
print_info: EOS token        = 2 '</s>'
print_info: UNK token        = 0 '<unk>'
print_info: LF token         = 13 '<0x0A>'
print_info: EOG token        = 2 '</s>'
print_info: max token length = 48
llama_model_load: vocab only - skipping tensors
time=2025-11-10T17:57:11.060Z level=INFO source=server.go:400 msg="starting runner" cmd="/usr/local/bin/ollama runner --model /home/codespace/.ollama/models/blobs/sha256-8934d96d3f08982e95922b2b7a2c626a1fe873d7c3b06e8e56d7bc0a1fef9246 --port 36205"
time=2025-11-10T17:57:11.061Z level=INFO source=server.go:470 msg="system memory" total="7.8 GiB" free="2.9 GiB" free_swap="0 B"
time=2025-11-10T17:57:11.061Z level=INFO source=server.go:474 msg="model requires more memory than is currently available, evicting a model to make space" estimate.library="" estimate.layers.requested=0 estimate.layers.model=0 estimate.layers.offload=0 estimate.layers.split=[] estimate.memory.available=[] estimate.memory.gpu_overhead="0 B" estimate.memory.required.full="0 B" estimate.memory.required.partial="0 B" estimate.memory.required.kv="0 B" estimate.memory.required.allocations=[] estimate.memory.weights.total="0 B" estimate.memory.weights.repeating="0 B" estimate.memory.weights.nonrepeating="0 B" estimate.memory.graph.full="0 B" estimate.memory.graph.partial="0 B"
time=2025-11-10T17:57:11.061Z level=INFO source=sched.go:445 msg="model is too large for system memory" requireFull=false
[GIN] 2025/11/10 - 17:57:11 | 500 |  149.945518ms |       127.0.0.1 | POST     "/api/generate"
time=2025-11-10T17:57:12.952Z level=WARN source=types.go:755 msg="invalid option provided" option=max_tokens
llama_model_loader: loaded meta data with 23 key-value pairs and 291 tensors from /home/codespace/.ollama/models/blobs/sha256-8934d96d3f08982e95922b2b7a2c626a1fe873d7c3b06e8e56d7bc0a1fef9246 (version GGUF V3 (latest))
llama_model_loader: Dumping metadata keys/values. Note: KV overrides do not apply in this output.
llama_model_loader: - kv   0:                       general.architecture str              = llama
llama_model_loader: - kv   1:                               general.name str              = LLaMA v2
llama_model_loader: - kv   2:                       llama.context_length u32              = 4096
llama_model_loader: - kv   3:                     llama.embedding_length u32              = 4096
llama_model_loader: - kv   4:                          llama.block_count u32              = 32
llama_model_loader: - kv   5:                  llama.feed_forward_length u32              = 11008
llama_model_loader: - kv   6:                 llama.rope.dimension_count u32              = 128
llama_model_loader: - kv   7:                 llama.attention.head_count u32              = 32
llama_model_loader: - kv   8:              llama.attention.head_count_kv u32              = 32
llama_model_loader: - kv   9:     llama.attention.layer_norm_rms_epsilon f32              = 0.000010
llama_model_loader: - kv  10:                          general.file_type u32              = 2
llama_model_loader: - kv  11:                       tokenizer.ggml.model str              = llama
llama_model_loader: - kv  12:                      tokenizer.ggml.tokens arr[str,32000]   = ["<unk>", "<s>", "</s>", "<0x00>", "<...
llama_model_loader: - kv  13:                      tokenizer.ggml.scores arr[f32,32000]   = [0.000000, 0.000000, 0.000000, 0.0000...
llama_model_loader: - kv  14:                  tokenizer.ggml.token_type arr[i32,32000]   = [2, 3, 3, 6, 6, 6, 6, 6, 6, 6, 6, 6, ...
llama_model_loader: - kv  15:                      tokenizer.ggml.merges arr[str,61249]   = ["▁ t", "e r", "i n", "▁ a", "e n...
llama_model_loader: - kv  16:                tokenizer.ggml.bos_token_id u32              = 1
llama_model_loader: - kv  17:                tokenizer.ggml.eos_token_id u32              = 2
llama_model_loader: - kv  18:            tokenizer.ggml.unknown_token_id u32              = 0
llama_model_loader: - kv  19:               tokenizer.ggml.add_bos_token bool             = true
llama_model_loader: - kv  20:               tokenizer.ggml.add_eos_token bool             = false
llama_model_loader: - kv  21:                    tokenizer.chat_template str              = {% if messages[0]['role'] == 'system'...
llama_model_loader: - kv  22:               general.quantization_version u32              = 2
llama_model_loader: - type  f32:   65 tensors
llama_model_loader: - type q4_0:  225 tensors
llama_model_loader: - type q6_K:    1 tensors
print_info: file format = GGUF V3 (latest)
print_info: file type   = Q4_0
print_info: file size   = 3.56 GiB (4.54 BPW) 
load: special_eos_id is not in special_eog_ids - the tokenizer config may be incorrect
load: printing all EOG tokens:
load:   - 2 ('</s>')
load: special tokens cache size = 3
load: token to piece cache size = 0.1684 MB
print_info: arch             = llama
print_info: vocab_only       = 1
print_info: model type       = ?B
print_info: model params     = 6.74 B
print_info: general.name     = LLaMA v2
print_info: vocab type       = SPM
print_info: n_vocab          = 32000
print_info: n_merges         = 0
print_info: BOS token        = 1 '<s>'
print_info: EOS token        = 2 '</s>'
print_info: UNK token        = 0 '<unk>'
print_info: LF token         = 13 '<0x0A>'
print_info: EOG token        = 2 '</s>'
print_info: max token length = 48
llama_model_load: vocab only - skipping tensors
time=2025-11-10T17:57:13.041Z level=INFO source=server.go:400 msg="starting runner" cmd="/usr/local/bin/ollama runner --model /home/codespace/.ollama/models/blobs/sha256-8934d96d3f08982e95922b2b7a2c626a1fe873d7c3b06e8e56d7bc0a1fef9246 --port 34139"
time=2025-11-10T17:57:13.041Z level=INFO source=server.go:470 msg="system memory" total="7.8 GiB" free="2.9 GiB" free_swap="0 B"
time=2025-11-10T17:57:13.042Z level=INFO source=server.go:474 msg="model requires more memory than is currently available, evicting a model to make space" estimate.library="" estimate.layers.requested=0 estimate.layers.model=0 estimate.layers.offload=0 estimate.layers.split=[] estimate.memory.available=[] estimate.memory.gpu_overhead="0 B" estimate.memory.required.full="0 B" estimate.memory.required.partial="0 B" estimate.memory.required.kv="0 B" estimate.memory.required.allocations=[] estimate.memory.weights.total="0 B" estimate.memory.weights.repeating="0 B" estimate.memory.weights.nonrepeating="0 B" estimate.memory.graph.full="0 B" estimate.memory.graph.partial="0 B"
time=2025-11-10T17:57:13.042Z level=INFO source=sched.go:445 msg="model is too large for system memory" requireFull=false
[GIN] 2025/11/10 - 17:57:13 | 500 |  182.373888ms |       127.0.0.1 | POST     "/api/generate"
llama_model_loader: loaded meta data with 23 key-value pairs and 291 tensors from /home/codespace/.ollama/models/blobs/sha256-8934d96d3f08982e95922b2b7a2c626a1fe873d7c3b06e8e56d7bc0a1fef9246 (version GGUF V3 (latest))
llama_model_loader: Dumping metadata keys/values. Note: KV overrides do not apply in this output.
llama_model_loader: - kv   0:                       general.architecture str              = llama
llama_model_loader: - kv   1:                               general.name str              = LLaMA v2
llama_model_loader: - kv   2:                       llama.context_length u32              = 4096
llama_model_loader: - kv   3:                     llama.embedding_length u32              = 4096
llama_model_loader: - kv   4:                          llama.block_count u32              = 32
llama_model_loader: - kv   5:                  llama.feed_forward_length u32              = 11008
llama_model_loader: - kv   6:                 llama.rope.dimension_count u32              = 128
llama_model_loader: - kv   7:                 llama.attention.head_count u32              = 32
llama_model_loader: - kv   8:              llama.attention.head_count_kv u32              = 32
llama_model_loader: - kv   9:     llama.attention.layer_norm_rms_epsilon f32              = 0.000010
llama_model_loader: - kv  10:                          general.file_type u32              = 2
llama_model_loader: - kv  11:                       tokenizer.ggml.model str              = llama
llama_model_loader: - kv  12:                      tokenizer.ggml.tokens arr[str,32000]   = ["<unk>", "<s>", "</s>", "<0x00>", "<...
llama_model_loader: - kv  13:                      tokenizer.ggml.scores arr[f32,32000]   = [0.000000, 0.000000, 0.000000, 0.0000...
llama_model_loader: - kv  14:                  tokenizer.ggml.token_type arr[i32,32000]   = [2, 3, 3, 6, 6, 6, 6, 6, 6, 6, 6, 6, ...
llama_model_loader: - kv  15:                      tokenizer.ggml.merges arr[str,61249]   = ["▁ t", "e r", "i n", "▁ a", "e n...
llama_model_loader: - kv  16:                tokenizer.ggml.bos_token_id u32              = 1
llama_model_loader: - kv  17:                tokenizer.ggml.eos_token_id u32              = 2
llama_model_loader: - kv  18:            tokenizer.ggml.unknown_token_id u32              = 0
llama_model_loader: - kv  19:               tokenizer.ggml.add_bos_token bool             = true
llama_model_loader: - kv  20:               tokenizer.ggml.add_eos_token bool             = false
llama_model_loader: - kv  21:                    tokenizer.chat_template str              = {% if messages[0]['role'] == 'system'...
llama_model_loader: - kv  22:               general.quantization_version u32              = 2
llama_model_loader: - type  f32:   65 tensors
llama_model_loader: - type q4_0:  225 tensors
llama_model_loader: - type q6_K:    1 tensors
print_info: file format = GGUF V3 (latest)
print_info: file type   = Q4_0
print_info: file size   = 3.56 GiB (4.54 BPW) 
load: special_eos_id is not in special_eog_ids - the tokenizer config may be incorrect
load: printing all EOG tokens:
load:   - 2 ('</s>')
load: special tokens cache size = 3
load: token to piece cache size = 0.1684 MB
print_info: arch             = llama
print_info: vocab_only       = 1
print_info: model type       = ?B
print_info: model params     = 6.74 B
print_info: general.name     = LLaMA v2
print_info: vocab type       = SPM
print_info: n_vocab          = 32000
print_info: n_merges         = 0
print_info: BOS token        = 1 '<s>'
print_info: EOS token        = 2 '</s>'
print_info: UNK token        = 0 '<unk>'
print_info: LF token         = 13 '<0x0A>'
print_info: EOG token        = 2 '</s>'
print_info: max token length = 48
llama_model_load: vocab only - skipping tensors
time=2025-11-10T17:57:13.117Z level=INFO source=server.go:400 msg="starting runner" cmd="/usr/local/bin/ollama runner --model /home/codespace/.ollama/models/blobs/sha256-8934d96d3f08982e95922b2b7a2c626a1fe873d7c3b06e8e56d7bc0a1fef9246 --port 38179"
time=2025-11-10T17:57:13.118Z level=INFO source=server.go:470 msg="system memory" total="7.8 GiB" free="2.9 GiB" free_swap="0 B"
time=2025-11-10T17:57:13.118Z level=INFO source=server.go:474 msg="model requires more memory than is currently available, evicting a model to make space" estimate.library="" estimate.layers.requested=0 estimate.layers.model=0 estimate.layers.offload=0 estimate.layers.split=[] estimate.memory.available=[] estimate.memory.gpu_overhead="0 B" estimate.memory.required.full="0 B" estimate.memory.required.partial="0 B" estimate.memory.required.kv="0 B" estimate.memory.required.allocations=[] estimate.memory.weights.total="0 B" estimate.memory.weights.repeating="0 B" estimate.memory.weights.nonrepeating="0 B" estimate.memory.graph.full="0 B" estimate.memory.graph.partial="0 B"
time=2025-11-10T17:57:13.118Z level=INFO source=sched.go:445 msg="model is too large for system memory" requireFull=false
[GIN] 2025/11/10 - 17:57:13 | 500 |  258.744228ms |       127.0.0.1 | POST     "/api/generate"
llama_model_loader: loaded meta data with 23 key-value pairs and 291 tensors from /home/codespace/.ollama/models/blobs/sha256-8934d96d3f08982e95922b2b7a2c626a1fe873d7c3b06e8e56d7bc0a1fef9246 (version GGUF V3 (latest))
llama_model_loader: Dumping metadata keys/values. Note: KV overrides do not apply in this output.
llama_model_loader: - kv   0:                       general.architecture str              = llama
llama_model_loader: - kv   1:                               general.name str              = LLaMA v2
llama_model_loader: - kv   2:                       llama.context_length u32              = 4096
llama_model_loader: - kv   3:                     llama.embedding_length u32              = 4096
llama_model_loader: - kv   4:                          llama.block_count u32              = 32
llama_model_loader: - kv   5:                  llama.feed_forward_length u32              = 11008
llama_model_loader: - kv   6:                 llama.rope.dimension_count u32              = 128
llama_model_loader: - kv   7:                 llama.attention.head_count u32              = 32
llama_model_loader: - kv   8:              llama.attention.head_count_kv u32              = 32
llama_model_loader: - kv   9:     llama.attention.layer_norm_rms_epsilon f32              = 0.000010
llama_model_loader: - kv  10:                          general.file_type u32              = 2
llama_model_loader: - kv  11:                       tokenizer.ggml.model str              = llama
llama_model_loader: - kv  12:                      tokenizer.ggml.tokens arr[str,32000]   = ["<unk>", "<s>", "</s>", "<0x00>", "<...
llama_model_loader: - kv  13:                      tokenizer.ggml.scores arr[f32,32000]   = [0.000000, 0.000000, 0.000000, 0.0000...
llama_model_loader: - kv  14:                  tokenizer.ggml.token_type arr[i32,32000]   = [2, 3, 3, 6, 6, 6, 6, 6, 6, 6, 6, 6, ...
llama_model_loader: - kv  15:                      tokenizer.ggml.merges arr[str,61249]   = ["▁ t", "e r", "i n", "▁ a", "e n...
llama_model_loader: - kv  16:                tokenizer.ggml.bos_token_id u32              = 1
llama_model_loader: - kv  17:                tokenizer.ggml.eos_token_id u32              = 2
llama_model_loader: - kv  18:            tokenizer.ggml.unknown_token_id u32              = 0
llama_model_loader: - kv  19:               tokenizer.ggml.add_bos_token bool             = true
llama_model_loader: - kv  20:               tokenizer.ggml.add_eos_token bool             = false
llama_model_loader: - kv  21:                    tokenizer.chat_template str              = {% if messages[0]['role'] == 'system'...
llama_model_loader: - kv  22:               general.quantization_version u32              = 2
llama_model_loader: - type  f32:   65 tensors
llama_model_loader: - type q4_0:  225 tensors
llama_model_loader: - type q6_K:    1 tensors
print_info: file format = GGUF V3 (latest)
print_info: file type   = Q4_0
print_info: file size   = 3.56 GiB (4.54 BPW) 
load: special_eos_id is not in special_eog_ids - the tokenizer config may be incorrect
load: printing all EOG tokens:
load:   - 2 ('</s>')
load: special tokens cache size = 3
load: token to piece cache size = 0.1684 MB
print_info: arch             = llama
print_info: vocab_only       = 1
print_info: model type       = ?B
print_info: model params     = 6.74 B
print_info: general.name     = LLaMA v2
print_info: vocab type       = SPM
print_info: n_vocab          = 32000
print_info: n_merges         = 0
print_info: BOS token        = 1 '<s>'
print_info: EOS token        = 2 '</s>'
print_info: UNK token        = 0 '<unk>'
print_info: LF token         = 13 '<0x0A>'
print_info: EOG token        = 2 '</s>'
print_info: max token length = 48
llama_model_load: vocab only - skipping tensors
time=2025-11-10T17:57:57.873Z level=INFO source=server.go:400 msg="starting runner" cmd="/usr/local/bin/ollama runner --model /home/codespace/.ollama/models/blobs/sha256-8934d96d3f08982e95922b2b7a2c626a1fe873d7c3b06e8e56d7bc0a1fef9246 --port 36961"
time=2025-11-10T17:57:57.874Z level=INFO source=server.go:470 msg="system memory" total="7.8 GiB" free="2.5 GiB" free_swap="0 B"
time=2025-11-10T17:57:57.875Z level=INFO source=server.go:474 msg="model requires more memory than is currently available, evicting a model to make space" estimate.library="" estimate.layers.requested=0 estimate.layers.model=0 estimate.layers.offload=0 estimate.layers.split=[] estimate.memory.available=[] estimate.memory.gpu_overhead="0 B" estimate.memory.required.full="0 B" estimate.memory.required.partial="0 B" estimate.memory.required.kv="0 B" estimate.memory.required.allocations=[] estimate.memory.weights.total="0 B" estimate.memory.weights.repeating="0 B" estimate.memory.weights.nonrepeating="0 B" estimate.memory.graph.full="0 B" estimate.memory.graph.partial="0 B"
time=2025-11-10T17:57:57.875Z level=INFO source=sched.go:445 msg="model is too large for system memory" requireFull=false
[GIN] 2025/11/10 - 17:57:57 | 500 |  185.140293ms |       127.0.0.1 | POST     "/api/generate"
llama_model_loader: loaded meta data with 23 key-value pairs and 291 tensors from /home/codespace/.ollama/models/blobs/sha256-8934d96d3f08982e95922b2b7a2c626a1fe873d7c3b06e8e56d7bc0a1fef9246 (version GGUF V3 (latest))
llama_model_loader: Dumping metadata keys/values. Note: KV overrides do not apply in this output.
llama_model_loader: - kv   0:                       general.architecture str              = llama
llama_model_loader: - kv   1:                               general.name str              = LLaMA v2
llama_model_loader: - kv   2:                       llama.context_length u32              = 4096
llama_model_loader: - kv   3:                     llama.embedding_length u32              = 4096
llama_model_loader: - kv   4:                          llama.block_count u32              = 32
llama_model_loader: - kv   5:                  llama.feed_forward_length u32              = 11008
llama_model_loader: - kv   6:                 llama.rope.dimension_count u32              = 128
llama_model_loader: - kv   7:                 llama.attention.head_count u32              = 32
llama_model_loader: - kv   8:              llama.attention.head_count_kv u32              = 32
llama_model_loader: - kv   9:     llama.attention.layer_norm_rms_epsilon f32              = 0.000010
llama_model_loader: - kv  10:                          general.file_type u32              = 2
llama_model_loader: - kv  11:                       tokenizer.ggml.model str              = llama
llama_model_loader: - kv  12:                      tokenizer.ggml.tokens arr[str,32000]   = ["<unk>", "<s>", "</s>", "<0x00>", "<...
llama_model_loader: - kv  13:                      tokenizer.ggml.scores arr[f32,32000]   = [0.000000, 0.000000, 0.000000, 0.0000...
llama_model_loader: - kv  14:                  tokenizer.ggml.token_type arr[i32,32000]   = [2, 3, 3, 6, 6, 6, 6, 6, 6, 6, 6, 6, ...
llama_model_loader: - kv  15:                      tokenizer.ggml.merges arr[str,61249]   = ["▁ t", "e r", "i n", "▁ a", "e n...
llama_model_loader: - kv  16:                tokenizer.ggml.bos_token_id u32              = 1
llama_model_loader: - kv  17:                tokenizer.ggml.eos_token_id u32              = 2
llama_model_loader: - kv  18:            tokenizer.ggml.unknown_token_id u32              = 0
llama_model_loader: - kv  19:               tokenizer.ggml.add_bos_token bool             = true
llama_model_loader: - kv  20:               tokenizer.ggml.add_eos_token bool             = false
llama_model_loader: - kv  21:                    tokenizer.chat_template str              = {% if messages[0]['role'] == 'system'...
llama_model_loader: - kv  22:               general.quantization_version u32              = 2
llama_model_loader: - type  f32:   65 tensors
llama_model_loader: - type q4_0:  225 tensors
llama_model_loader: - type q6_K:    1 tensors
print_info: file format = GGUF V3 (latest)
print_info: file type   = Q4_0
print_info: file size   = 3.56 GiB (4.54 BPW) 
load: special_eos_id is not in special_eog_ids - the tokenizer config may be incorrect
load: printing all EOG tokens:
load:   - 2 ('</s>')
load: special tokens cache size = 3
load: token to piece cache size = 0.1684 MB
print_info: arch             = llama
print_info: vocab_only       = 1
print_info: model type       = ?B
print_info: model params     = 6.74 B
print_info: general.name     = LLaMA v2
print_info: vocab type       = SPM
print_info: n_vocab          = 32000
print_info: n_merges         = 0
print_info: BOS token        = 1 '<s>'
print_info: EOS token        = 2 '</s>'
print_info: UNK token        = 0 '<unk>'
print_info: LF token         = 13 '<0x0A>'
print_info: EOG token        = 2 '</s>'
print_info: max token length = 48
llama_model_load: vocab only - skipping tensors
time=2025-11-10T17:57:58.070Z level=INFO source=server.go:400 msg="starting runner" cmd="/usr/local/bin/ollama runner --model /home/codespace/.ollama/models/blobs/sha256-8934d96d3f08982e95922b2b7a2c626a1fe873d7c3b06e8e56d7bc0a1fef9246 --port 38911"
time=2025-11-10T17:57:58.071Z level=INFO source=server.go:470 msg="system memory" total="7.8 GiB" free="2.5 GiB" free_swap="0 B"
time=2025-11-10T17:57:58.072Z level=INFO source=server.go:474 msg="model requires more memory than is currently available, evicting a model to make space" estimate.library="" estimate.layers.requested=0 estimate.layers.model=0 estimate.layers.offload=0 estimate.layers.split=[] estimate.memory.available=[] estimate.memory.gpu_overhead="0 B" estimate.memory.required.full="0 B" estimate.memory.required.partial="0 B" estimate.memory.required.kv="0 B" estimate.memory.required.allocations=[] estimate.memory.weights.total="0 B" estimate.memory.weights.repeating="0 B" estimate.memory.weights.nonrepeating="0 B" estimate.memory.graph.full="0 B" estimate.memory.graph.partial="0 B"
time=2025-11-10T17:57:58.072Z level=INFO source=sched.go:445 msg="model is too large for system memory" requireFull=false
[GIN] 2025/11/10 - 17:57:58 | 500 |  385.329263ms |       127.0.0.1 | POST     "/api/generate"
llama_model_loader: loaded meta data with 23 key-value pairs and 291 tensors from /home/codespace/.ollama/models/blobs/sha256-8934d96d3f08982e95922b2b7a2c626a1fe873d7c3b06e8e56d7bc0a1fef9246 (version GGUF V3 (latest))
llama_model_loader: Dumping metadata keys/values. Note: KV overrides do not apply in this output.
llama_model_loader: - kv   0:                       general.architecture str              = llama
llama_model_loader: - kv   1:                               general.name str              = LLaMA v2
llama_model_loader: - kv   2:                       llama.context_length u32              = 4096
llama_model_loader: - kv   3:                     llama.embedding_length u32              = 4096
llama_model_loader: - kv   4:                          llama.block_count u32              = 32
llama_model_loader: - kv   5:                  llama.feed_forward_length u32              = 11008
llama_model_loader: - kv   6:                 llama.rope.dimension_count u32              = 128
llama_model_loader: - kv   7:                 llama.attention.head_count u32              = 32
llama_model_loader: - kv   8:              llama.attention.head_count_kv u32              = 32
llama_model_loader: - kv   9:     llama.attention.layer_norm_rms_epsilon f32              = 0.000010
llama_model_loader: - kv  10:                          general.file_type u32              = 2
llama_model_loader: - kv  11:                       tokenizer.ggml.model str              = llama
llama_model_loader: - kv  12:                      tokenizer.ggml.tokens arr[str,32000]   = ["<unk>", "<s>", "</s>", "<0x00>", "<...
llama_model_loader: - kv  13:                      tokenizer.ggml.scores arr[f32,32000]   = [0.000000, 0.000000, 0.000000, 0.0000...
llama_model_loader: - kv  14:                  tokenizer.ggml.token_type arr[i32,32000]   = [2, 3, 3, 6, 6, 6, 6, 6, 6, 6, 6, 6, ...
llama_model_loader: - kv  15:                      tokenizer.ggml.merges arr[str,61249]   = ["▁ t", "e r", "i n", "▁ a", "e n...
llama_model_loader: - kv  16:                tokenizer.ggml.bos_token_id u32              = 1
llama_model_loader: - kv  17:                tokenizer.ggml.eos_token_id u32              = 2
llama_model_loader: - kv  18:            tokenizer.ggml.unknown_token_id u32              = 0
llama_model_loader: - kv  19:               tokenizer.ggml.add_bos_token bool             = true
llama_model_loader: - kv  20:               tokenizer.ggml.add_eos_token bool             = false
llama_model_loader: - kv  21:                    tokenizer.chat_template str              = {% if messages[0]['role'] == 'system'...
llama_model_loader: - kv  22:               general.quantization_version u32              = 2
llama_model_loader: - type  f32:   65 tensors
llama_model_loader: - type q4_0:  225 tensors
llama_model_loader: - type q6_K:    1 tensors
print_info: file format = GGUF V3 (latest)
print_info: file type   = Q4_0
print_info: file size   = 3.56 GiB (4.54 BPW) 
load: special_eos_id is not in special_eog_ids - the tokenizer config may be incorrect
load: printing all EOG tokens:
load:   - 2 ('</s>')
load: special tokens cache size = 3
load: token to piece cache size = 0.1684 MB
print_info: arch             = llama
print_info: vocab_only       = 1
print_info: model type       = ?B
print_info: model params     = 6.74 B
print_info: general.name     = LLaMA v2
print_info: vocab type       = SPM
print_info: n_vocab          = 32000
print_info: n_merges         = 0
print_info: BOS token        = 1 '<s>'
print_info: EOS token        = 2 '</s>'
print_info: UNK token        = 0 '<unk>'
print_info: LF token         = 13 '<0x0A>'
print_info: EOG token        = 2 '</s>'
print_info: max token length = 48
llama_model_load: vocab only - skipping tensors
time=2025-11-10T17:57:58.156Z level=INFO source=server.go:400 msg="starting runner" cmd="/usr/local/bin/ollama runner --model /home/codespace/.ollama/models/blobs/sha256-8934d96d3f08982e95922b2b7a2c626a1fe873d7c3b06e8e56d7bc0a1fef9246 --port 43729"
time=2025-11-10T17:57:58.158Z level=INFO source=server.go:470 msg="system memory" total="7.8 GiB" free="2.5 GiB" free_swap="0 B"
time=2025-11-10T17:57:58.159Z level=INFO source=server.go:474 msg="model requires more memory than is currently available, evicting a model to make space" estimate.library="" estimate.layers.requested=0 estimate.layers.model=0 estimate.layers.offload=0 estimate.layers.split=[] estimate.memory.available=[] estimate.memory.gpu_overhead="0 B" estimate.memory.required.full="0 B" estimate.memory.required.partial="0 B" estimate.memory.required.kv="0 B" estimate.memory.required.allocations=[] estimate.memory.weights.total="0 B" estimate.memory.weights.repeating="0 B" estimate.memory.weights.nonrepeating="0 B" estimate.memory.graph.full="0 B" estimate.memory.graph.partial="0 B"
time=2025-11-10T17:57:58.159Z level=INFO source=sched.go:445 msg="model is too large for system memory" requireFull=false
[GIN] 2025/11/10 - 17:57:58 | 500 |  204.292167ms |       127.0.0.1 | POST     "/api/generate"
time=2025-11-10T17:58:17.838Z level=WARN source=types.go:755 msg="invalid option provided" option=max_tokens
llama_model_loader: loaded meta data with 23 key-value pairs and 291 tensors from /home/codespace/.ollama/models/blobs/sha256-8934d96d3f08982e95922b2b7a2c626a1fe873d7c3b06e8e56d7bc0a1fef9246 (version GGUF V3 (latest))
llama_model_loader: Dumping metadata keys/values. Note: KV overrides do not apply in this output.
llama_model_loader: - kv   0:                       general.architecture str              = llama
llama_model_loader: - kv   1:                               general.name str              = LLaMA v2
llama_model_loader: - kv   2:                       llama.context_length u32              = 4096
llama_model_loader: - kv   3:                     llama.embedding_length u32              = 4096
llama_model_loader: - kv   4:                          llama.block_count u32              = 32
llama_model_loader: - kv   5:                  llama.feed_forward_length u32              = 11008
llama_model_loader: - kv   6:                 llama.rope.dimension_count u32              = 128
llama_model_loader: - kv   7:                 llama.attention.head_count u32              = 32
llama_model_loader: - kv   8:              llama.attention.head_count_kv u32              = 32
llama_model_loader: - kv   9:     llama.attention.layer_norm_rms_epsilon f32              = 0.000010
llama_model_loader: - kv  10:                          general.file_type u32              = 2
llama_model_loader: - kv  11:                       tokenizer.ggml.model str              = llama
llama_model_loader: - kv  12:                      tokenizer.ggml.tokens arr[str,32000]   = ["<unk>", "<s>", "</s>", "<0x00>", "<...
llama_model_loader: - kv  13:                      tokenizer.ggml.scores arr[f32,32000]   = [0.000000, 0.000000, 0.000000, 0.0000...
llama_model_loader: - kv  14:                  tokenizer.ggml.token_type arr[i32,32000]   = [2, 3, 3, 6, 6, 6, 6, 6, 6, 6, 6, 6, ...
llama_model_loader: - kv  15:                      tokenizer.ggml.merges arr[str,61249]   = ["▁ t", "e r", "i n", "▁ a", "e n...
llama_model_loader: - kv  16:                tokenizer.ggml.bos_token_id u32              = 1
llama_model_loader: - kv  17:                tokenizer.ggml.eos_token_id u32              = 2
llama_model_loader: - kv  18:            tokenizer.ggml.unknown_token_id u32              = 0
llama_model_loader: - kv  19:               tokenizer.ggml.add_bos_token bool             = true
llama_model_loader: - kv  20:               tokenizer.ggml.add_eos_token bool             = false
llama_model_loader: - kv  21:                    tokenizer.chat_template str              = {% if messages[0]['role'] == 'system'...
llama_model_loader: - kv  22:               general.quantization_version u32              = 2
llama_model_loader: - type  f32:   65 tensors
llama_model_loader: - type q4_0:  225 tensors
llama_model_loader: - type q6_K:    1 tensors
print_info: file format = GGUF V3 (latest)
print_info: file type   = Q4_0
print_info: file size   = 3.56 GiB (4.54 BPW) 
load: special_eos_id is not in special_eog_ids - the tokenizer config may be incorrect
load: printing all EOG tokens:
load:   - 2 ('</s>')
load: special tokens cache size = 3
load: token to piece cache size = 0.1684 MB
print_info: arch             = llama
print_info: vocab_only       = 1
print_info: model type       = ?B
print_info: model params     = 6.74 B
print_info: general.name     = LLaMA v2
print_info: vocab type       = SPM
print_info: n_vocab          = 32000
print_info: n_merges         = 0
print_info: BOS token        = 1 '<s>'
print_info: EOS token        = 2 '</s>'
print_info: UNK token        = 0 '<unk>'
print_info: LF token         = 13 '<0x0A>'
print_info: EOG token        = 2 '</s>'
print_info: max token length = 48
llama_model_load: vocab only - skipping tensors
time=2025-11-10T17:58:17.918Z level=INFO source=server.go:400 msg="starting runner" cmd="/usr/local/bin/ollama runner --model /home/codespace/.ollama/models/blobs/sha256-8934d96d3f08982e95922b2b7a2c626a1fe873d7c3b06e8e56d7bc0a1fef9246 --port 35945"
time=2025-11-10T17:58:17.918Z level=INFO source=server.go:470 msg="system memory" total="7.8 GiB" free="2.7 GiB" free_swap="0 B"
time=2025-11-10T17:58:17.919Z level=INFO source=server.go:474 msg="model requires more memory than is currently available, evicting a model to make space" estimate.library="" estimate.layers.requested=0 estimate.layers.model=0 estimate.layers.offload=0 estimate.layers.split=[] estimate.memory.available=[] estimate.memory.gpu_overhead="0 B" estimate.memory.required.full="0 B" estimate.memory.required.partial="0 B" estimate.memory.required.kv="0 B" estimate.memory.required.allocations=[] estimate.memory.weights.total="0 B" estimate.memory.weights.repeating="0 B" estimate.memory.weights.nonrepeating="0 B" estimate.memory.graph.full="0 B" estimate.memory.graph.partial="0 B"
time=2025-11-10T17:58:17.919Z level=INFO source=sched.go:445 msg="model is too large for system memory" requireFull=false
[GIN] 2025/11/10 - 17:58:17 | 500 |  145.024797ms |       127.0.0.1 | POST     "/api/generate"
time=2025-11-10T17:58:19.549Z level=WARN source=types.go:755 msg="invalid option provided" option=max_tokens
llama_model_loader: loaded meta data with 23 key-value pairs and 291 tensors from /home/codespace/.ollama/models/blobs/sha256-8934d96d3f08982e95922b2b7a2c626a1fe873d7c3b06e8e56d7bc0a1fef9246 (version GGUF V3 (latest))
llama_model_loader: Dumping metadata keys/values. Note: KV overrides do not apply in this output.
llama_model_loader: - kv   0:                       general.architecture str              = llama
llama_model_loader: - kv   1:                               general.name str              = LLaMA v2
llama_model_loader: - kv   2:                       llama.context_length u32              = 4096
llama_model_loader: - kv   3:                     llama.embedding_length u32              = 4096
llama_model_loader: - kv   4:                          llama.block_count u32              = 32
llama_model_loader: - kv   5:                  llama.feed_forward_length u32              = 11008
llama_model_loader: - kv   6:                 llama.rope.dimension_count u32              = 128
llama_model_loader: - kv   7:                 llama.attention.head_count u32              = 32
llama_model_loader: - kv   8:              llama.attention.head_count_kv u32              = 32
llama_model_loader: - kv   9:     llama.attention.layer_norm_rms_epsilon f32              = 0.000010
llama_model_loader: - kv  10:                          general.file_type u32              = 2
llama_model_loader: - kv  11:                       tokenizer.ggml.model str              = llama
llama_model_loader: - kv  12:                      tokenizer.ggml.tokens arr[str,32000]   = ["<unk>", "<s>", "</s>", "<0x00>", "<...
llama_model_loader: - kv  13:                      tokenizer.ggml.scores arr[f32,32000]   = [0.000000, 0.000000, 0.000000, 0.0000...
llama_model_loader: - kv  14:                  tokenizer.ggml.token_type arr[i32,32000]   = [2, 3, 3, 6, 6, 6, 6, 6, 6, 6, 6, 6, ...
llama_model_loader: - kv  15:                      tokenizer.ggml.merges arr[str,61249]   = ["▁ t", "e r", "i n", "▁ a", "e n...
llama_model_loader: - kv  16:                tokenizer.ggml.bos_token_id u32              = 1
llama_model_loader: - kv  17:                tokenizer.ggml.eos_token_id u32              = 2
llama_model_loader: - kv  18:            tokenizer.ggml.unknown_token_id u32              = 0
llama_model_loader: - kv  19:               tokenizer.ggml.add_bos_token bool             = true
llama_model_loader: - kv  20:               tokenizer.ggml.add_eos_token bool             = false
llama_model_loader: - kv  21:                    tokenizer.chat_template str              = {% if messages[0]['role'] == 'system'...
llama_model_loader: - kv  22:               general.quantization_version u32              = 2
llama_model_loader: - type  f32:   65 tensors
llama_model_loader: - type q4_0:  225 tensors
llama_model_loader: - type q6_K:    1 tensors
print_info: file format = GGUF V3 (latest)
print_info: file type   = Q4_0
print_info: file size   = 3.56 GiB (4.54 BPW) 
load: special_eos_id is not in special_eog_ids - the tokenizer config may be incorrect
load: printing all EOG tokens:
load:   - 2 ('</s>')
load: special tokens cache size = 3
load: token to piece cache size = 0.1684 MB
print_info: arch             = llama
print_info: vocab_only       = 1
print_info: model type       = ?B
print_info: model params     = 6.74 B
print_info: general.name     = LLaMA v2
print_info: vocab type       = SPM
print_info: n_vocab          = 32000
print_info: n_merges         = 0
print_info: BOS token        = 1 '<s>'
print_info: EOS token        = 2 '</s>'
print_info: UNK token        = 0 '<unk>'
print_info: LF token         = 13 '<0x0A>'
print_info: EOG token        = 2 '</s>'
print_info: max token length = 48
llama_model_load: vocab only - skipping tensors
time=2025-11-10T17:58:19.639Z level=INFO source=server.go:400 msg="starting runner" cmd="/usr/local/bin/ollama runner --model /home/codespace/.ollama/models/blobs/sha256-8934d96d3f08982e95922b2b7a2c626a1fe873d7c3b06e8e56d7bc0a1fef9246 --port 36575"
time=2025-11-10T17:58:19.640Z level=INFO source=server.go:470 msg="system memory" total="7.8 GiB" free="2.7 GiB" free_swap="0 B"
time=2025-11-10T17:58:19.640Z level=INFO source=server.go:474 msg="model requires more memory than is currently available, evicting a model to make space" estimate.library="" estimate.layers.requested=0 estimate.layers.model=0 estimate.layers.offload=0 estimate.layers.split=[] estimate.memory.available=[] estimate.memory.gpu_overhead="0 B" estimate.memory.required.full="0 B" estimate.memory.required.partial="0 B" estimate.memory.required.kv="0 B" estimate.memory.required.allocations=[] estimate.memory.weights.total="0 B" estimate.memory.weights.repeating="0 B" estimate.memory.weights.nonrepeating="0 B" estimate.memory.graph.full="0 B" estimate.memory.graph.partial="0 B"
time=2025-11-10T17:58:19.640Z level=INFO source=sched.go:445 msg="model is too large for system memory" requireFull=false
[GIN] 2025/11/10 - 17:58:19 | 500 |  142.965909ms |       127.0.0.1 | POST     "/api/generate"
llama_model_loader: loaded meta data with 23 key-value pairs and 291 tensors from /home/codespace/.ollama/models/blobs/sha256-8934d96d3f08982e95922b2b7a2c626a1fe873d7c3b06e8e56d7bc0a1fef9246 (version GGUF V3 (latest))
llama_model_loader: Dumping metadata keys/values. Note: KV overrides do not apply in this output.
llama_model_loader: - kv   0:                       general.architecture str              = llama
llama_model_loader: - kv   1:                               general.name str              = LLaMA v2
llama_model_loader: - kv   2:                       llama.context_length u32              = 4096
llama_model_loader: - kv   3:                     llama.embedding_length u32              = 4096
llama_model_loader: - kv   4:                          llama.block_count u32              = 32
llama_model_loader: - kv   5:                  llama.feed_forward_length u32              = 11008
llama_model_loader: - kv   6:                 llama.rope.dimension_count u32              = 128
llama_model_loader: - kv   7:                 llama.attention.head_count u32              = 32
llama_model_loader: - kv   8:              llama.attention.head_count_kv u32              = 32
llama_model_loader: - kv   9:     llama.attention.layer_norm_rms_epsilon f32              = 0.000010
llama_model_loader: - kv  10:                          general.file_type u32              = 2
llama_model_loader: - kv  11:                       tokenizer.ggml.model str              = llama
llama_model_loader: - kv  12:                      tokenizer.ggml.tokens arr[str,32000]   = ["<unk>", "<s>", "</s>", "<0x00>", "<...
llama_model_loader: - kv  13:                      tokenizer.ggml.scores arr[f32,32000]   = [0.000000, 0.000000, 0.000000, 0.0000...
llama_model_loader: - kv  14:                  tokenizer.ggml.token_type arr[i32,32000]   = [2, 3, 3, 6, 6, 6, 6, 6, 6, 6, 6, 6, ...
llama_model_loader: - kv  15:                      tokenizer.ggml.merges arr[str,61249]   = ["▁ t", "e r", "i n", "▁ a", "e n...
llama_model_loader: - kv  16:                tokenizer.ggml.bos_token_id u32              = 1
llama_model_loader: - kv  17:                tokenizer.ggml.eos_token_id u32              = 2
llama_model_loader: - kv  18:            tokenizer.ggml.unknown_token_id u32              = 0
llama_model_loader: - kv  19:               tokenizer.ggml.add_bos_token bool             = true
llama_model_loader: - kv  20:               tokenizer.ggml.add_eos_token bool             = false
llama_model_loader: - kv  21:                    tokenizer.chat_template str              = {% if messages[0]['role'] == 'system'...
llama_model_loader: - kv  22:               general.quantization_version u32              = 2
llama_model_loader: - type  f32:   65 tensors
llama_model_loader: - type q4_0:  225 tensors
llama_model_loader: - type q6_K:    1 tensors
print_info: file format = GGUF V3 (latest)
print_info: file type   = Q4_0
print_info: file size   = 3.56 GiB (4.54 BPW) 
load: special_eos_id is not in special_eog_ids - the tokenizer config may be incorrect
load: printing all EOG tokens:
load:   - 2 ('</s>')
load: special tokens cache size = 3
load: token to piece cache size = 0.1684 MB
print_info: arch             = llama
print_info: vocab_only       = 1
print_info: model type       = ?B
print_info: model params     = 6.74 B
print_info: general.name     = LLaMA v2
print_info: vocab type       = SPM
print_info: n_vocab          = 32000
print_info: n_merges         = 0
print_info: BOS token        = 1 '<s>'
print_info: EOS token        = 2 '</s>'
print_info: UNK token        = 0 '<unk>'
print_info: LF token         = 13 '<0x0A>'
print_info: EOG token        = 2 '</s>'
print_info: max token length = 48
llama_model_load: vocab only - skipping tensors
time=2025-11-10T17:58:19.717Z level=INFO source=server.go:400 msg="starting runner" cmd="/usr/local/bin/ollama runner --model /home/codespace/.ollama/models/blobs/sha256-8934d96d3f08982e95922b2b7a2c626a1fe873d7c3b06e8e56d7bc0a1fef9246 --port 36635"
time=2025-11-10T17:58:19.717Z level=INFO source=server.go:470 msg="system memory" total="7.8 GiB" free="2.7 GiB" free_swap="0 B"
time=2025-11-10T17:58:19.718Z level=INFO source=server.go:474 msg="model requires more memory than is currently available, evicting a model to make space" estimate.library="" estimate.layers.requested=0 estimate.layers.model=0 estimate.layers.offload=0 estimate.layers.split=[] estimate.memory.available=[] estimate.memory.gpu_overhead="0 B" estimate.memory.required.full="0 B" estimate.memory.required.partial="0 B" estimate.memory.required.kv="0 B" estimate.memory.required.allocations=[] estimate.memory.weights.total="0 B" estimate.memory.weights.repeating="0 B" estimate.memory.weights.nonrepeating="0 B" estimate.memory.graph.full="0 B" estimate.memory.graph.partial="0 B"
time=2025-11-10T17:58:19.718Z level=INFO source=sched.go:445 msg="model is too large for system memory" requireFull=false
[GIN] 2025/11/10 - 17:58:19 | 500 |  220.219777ms |       127.0.0.1 | POST     "/api/generate"
llama_model_loader: loaded meta data with 23 key-value pairs and 291 tensors from /home/codespace/.ollama/models/blobs/sha256-8934d96d3f08982e95922b2b7a2c626a1fe873d7c3b06e8e56d7bc0a1fef9246 (version GGUF V3 (latest))
llama_model_loader: Dumping metadata keys/values. Note: KV overrides do not apply in this output.
llama_model_loader: - kv   0:                       general.architecture str              = llama
llama_model_loader: - kv   1:                               general.name str              = LLaMA v2
llama_model_loader: - kv   2:                       llama.context_length u32              = 4096
llama_model_loader: - kv   3:                     llama.embedding_length u32              = 4096
llama_model_loader: - kv   4:                          llama.block_count u32              = 32
llama_model_loader: - kv   5:                  llama.feed_forward_length u32              = 11008
llama_model_loader: - kv   6:                 llama.rope.dimension_count u32              = 128
llama_model_loader: - kv   7:                 llama.attention.head_count u32              = 32
llama_model_loader: - kv   8:              llama.attention.head_count_kv u32              = 32
llama_model_loader: - kv   9:     llama.attention.layer_norm_rms_epsilon f32              = 0.000010
llama_model_loader: - kv  10:                          general.file_type u32              = 2
llama_model_loader: - kv  11:                       tokenizer.ggml.model str              = llama
llama_model_loader: - kv  12:                      tokenizer.ggml.tokens arr[str,32000]   = ["<unk>", "<s>", "</s>", "<0x00>", "<...
llama_model_loader: - kv  13:                      tokenizer.ggml.scores arr[f32,32000]   = [0.000000, 0.000000, 0.000000, 0.0000...
llama_model_loader: - kv  14:                  tokenizer.ggml.token_type arr[i32,32000]   = [2, 3, 3, 6, 6, 6, 6, 6, 6, 6, 6, 6, ...
llama_model_loader: - kv  15:                      tokenizer.ggml.merges arr[str,61249]   = ["▁ t", "e r", "i n", "▁ a", "e n...
llama_model_loader: - kv  16:                tokenizer.ggml.bos_token_id u32              = 1
llama_model_loader: - kv  17:                tokenizer.ggml.eos_token_id u32              = 2
llama_model_loader: - kv  18:            tokenizer.ggml.unknown_token_id u32              = 0
llama_model_loader: - kv  19:               tokenizer.ggml.add_bos_token bool             = true
llama_model_loader: - kv  20:               tokenizer.ggml.add_eos_token bool             = false
llama_model_loader: - kv  21:                    tokenizer.chat_template str              = {% if messages[0]['role'] == 'system'...
llama_model_loader: - kv  22:               general.quantization_version u32              = 2
llama_model_loader: - type  f32:   65 tensors
llama_model_loader: - type q4_0:  225 tensors
llama_model_loader: - type q6_K:    1 tensors
print_info: file format = GGUF V3 (latest)
print_info: file type   = Q4_0
print_info: file size   = 3.56 GiB (4.54 BPW) 
load: special_eos_id is not in special_eog_ids - the tokenizer config may be incorrect
load: printing all EOG tokens:
load:   - 2 ('</s>')
load: special tokens cache size = 3
load: token to piece cache size = 0.1684 MB
print_info: arch             = llama
print_info: vocab_only       = 1
print_info: model type       = ?B
print_info: model params     = 6.74 B
print_info: general.name     = LLaMA v2
print_info: vocab type       = SPM
print_info: n_vocab          = 32000
print_info: n_merges         = 0
print_info: BOS token        = 1 '<s>'
print_info: EOS token        = 2 '</s>'
print_info: UNK token        = 0 '<unk>'
print_info: LF token         = 13 '<0x0A>'
print_info: EOG token        = 2 '</s>'
print_info: max token length = 48
llama_model_load: vocab only - skipping tensors
time=2025-11-10T17:59:00.557Z level=INFO source=server.go:400 msg="starting runner" cmd="/usr/local/bin/ollama runner --model /home/codespace/.ollama/models/blobs/sha256-8934d96d3f08982e95922b2b7a2c626a1fe873d7c3b06e8e56d7bc0a1fef9246 --port 38437"
time=2025-11-10T17:59:00.557Z level=INFO source=server.go:470 msg="system memory" total="7.8 GiB" free="2.5 GiB" free_swap="0 B"
time=2025-11-10T17:59:00.558Z level=INFO source=server.go:474 msg="model requires more memory than is currently available, evicting a model to make space" estimate.library="" estimate.layers.requested=0 estimate.layers.model=0 estimate.layers.offload=0 estimate.layers.split=[] estimate.memory.available=[] estimate.memory.gpu_overhead="0 B" estimate.memory.required.full="0 B" estimate.memory.required.partial="0 B" estimate.memory.required.kv="0 B" estimate.memory.required.allocations=[] estimate.memory.weights.total="0 B" estimate.memory.weights.repeating="0 B" estimate.memory.weights.nonrepeating="0 B" estimate.memory.graph.full="0 B" estimate.memory.graph.partial="0 B"
time=2025-11-10T17:59:00.558Z level=INFO source=sched.go:445 msg="model is too large for system memory" requireFull=false
[GIN] 2025/11/10 - 17:59:00 | 500 |  142.637567ms |       127.0.0.1 | POST     "/api/generate"
llama_model_loader: loaded meta data with 23 key-value pairs and 291 tensors from /home/codespace/.ollama/models/blobs/sha256-8934d96d3f08982e95922b2b7a2c626a1fe873d7c3b06e8e56d7bc0a1fef9246 (version GGUF V3 (latest))
llama_model_loader: Dumping metadata keys/values. Note: KV overrides do not apply in this output.
llama_model_loader: - kv   0:                       general.architecture str              = llama
llama_model_loader: - kv   1:                               general.name str              = LLaMA v2
llama_model_loader: - kv   2:                       llama.context_length u32              = 4096
llama_model_loader: - kv   3:                     llama.embedding_length u32              = 4096
llama_model_loader: - kv   4:                          llama.block_count u32              = 32
llama_model_loader: - kv   5:                  llama.feed_forward_length u32              = 11008
llama_model_loader: - kv   6:                 llama.rope.dimension_count u32              = 128
llama_model_loader: - kv   7:                 llama.attention.head_count u32              = 32
llama_model_loader: - kv   8:              llama.attention.head_count_kv u32              = 32
llama_model_loader: - kv   9:     llama.attention.layer_norm_rms_epsilon f32              = 0.000010
llama_model_loader: - kv  10:                          general.file_type u32              = 2
llama_model_loader: - kv  11:                       tokenizer.ggml.model str              = llama
llama_model_loader: - kv  12:                      tokenizer.ggml.tokens arr[str,32000]   = ["<unk>", "<s>", "</s>", "<0x00>", "<...
llama_model_loader: - kv  13:                      tokenizer.ggml.scores arr[f32,32000]   = [0.000000, 0.000000, 0.000000, 0.0000...
llama_model_loader: - kv  14:                  tokenizer.ggml.token_type arr[i32,32000]   = [2, 3, 3, 6, 6, 6, 6, 6, 6, 6, 6, 6, ...
llama_model_loader: - kv  15:                      tokenizer.ggml.merges arr[str,61249]   = ["▁ t", "e r", "i n", "▁ a", "e n...
llama_model_loader: - kv  16:                tokenizer.ggml.bos_token_id u32              = 1
llama_model_loader: - kv  17:                tokenizer.ggml.eos_token_id u32              = 2
llama_model_loader: - kv  18:            tokenizer.ggml.unknown_token_id u32              = 0
llama_model_loader: - kv  19:               tokenizer.ggml.add_bos_token bool             = true
llama_model_loader: - kv  20:               tokenizer.ggml.add_eos_token bool             = false
llama_model_loader: - kv  21:                    tokenizer.chat_template str              = {% if messages[0]['role'] == 'system'...
llama_model_loader: - kv  22:               general.quantization_version u32              = 2
llama_model_loader: - type  f32:   65 tensors
llama_model_loader: - type q4_0:  225 tensors
llama_model_loader: - type q6_K:    1 tensors
print_info: file format = GGUF V3 (latest)
print_info: file type   = Q4_0
print_info: file size   = 3.56 GiB (4.54 BPW) 
load: special_eos_id is not in special_eog_ids - the tokenizer config may be incorrect
load: printing all EOG tokens:
load:   - 2 ('</s>')
load: special tokens cache size = 3
load: token to piece cache size = 0.1684 MB
print_info: arch             = llama
print_info: vocab_only       = 1
print_info: model type       = ?B
print_info: model params     = 6.74 B
print_info: general.name     = LLaMA v2
print_info: vocab type       = SPM
print_info: n_vocab          = 32000
print_info: n_merges         = 0
print_info: BOS token        = 1 '<s>'
print_info: EOS token        = 2 '</s>'
print_info: UNK token        = 0 '<unk>'
print_info: LF token         = 13 '<0x0A>'
print_info: EOG token        = 2 '</s>'
print_info: max token length = 48
llama_model_load: vocab only - skipping tensors
time=2025-11-10T17:59:00.682Z level=INFO source=server.go:400 msg="starting runner" cmd="/usr/local/bin/ollama runner --model /home/codespace/.ollama/models/blobs/sha256-8934d96d3f08982e95922b2b7a2c626a1fe873d7c3b06e8e56d7bc0a1fef9246 --port 38079"
time=2025-11-10T17:59:00.683Z level=INFO source=server.go:470 msg="system memory" total="7.8 GiB" free="2.5 GiB" free_swap="0 B"
time=2025-11-10T17:59:00.683Z level=INFO source=server.go:474 msg="model requires more memory than is currently available, evicting a model to make space" estimate.library="" estimate.layers.requested=0 estimate.layers.model=0 estimate.layers.offload=0 estimate.layers.split=[] estimate.memory.available=[] estimate.memory.gpu_overhead="0 B" estimate.memory.required.full="0 B" estimate.memory.required.partial="0 B" estimate.memory.required.kv="0 B" estimate.memory.required.allocations=[] estimate.memory.weights.total="0 B" estimate.memory.weights.repeating="0 B" estimate.memory.weights.nonrepeating="0 B" estimate.memory.graph.full="0 B" estimate.memory.graph.partial="0 B"
time=2025-11-10T17:59:00.683Z level=INFO source=sched.go:445 msg="model is too large for system memory" requireFull=false
[GIN] 2025/11/10 - 17:59:00 | 500 |  268.456846ms |       127.0.0.1 | POST     "/api/generate"
llama_model_loader: loaded meta data with 23 key-value pairs and 291 tensors from /home/codespace/.ollama/models/blobs/sha256-8934d96d3f08982e95922b2b7a2c626a1fe873d7c3b06e8e56d7bc0a1fef9246 (version GGUF V3 (latest))
llama_model_loader: Dumping metadata keys/values. Note: KV overrides do not apply in this output.
llama_model_loader: - kv   0:                       general.architecture str              = llama
llama_model_loader: - kv   1:                               general.name str              = LLaMA v2
llama_model_loader: - kv   2:                       llama.context_length u32              = 4096
llama_model_loader: - kv   3:                     llama.embedding_length u32              = 4096
llama_model_loader: - kv   4:                          llama.block_count u32              = 32
llama_model_loader: - kv   5:                  llama.feed_forward_length u32              = 11008
llama_model_loader: - kv   6:                 llama.rope.dimension_count u32              = 128
llama_model_loader: - kv   7:                 llama.attention.head_count u32              = 32
llama_model_loader: - kv   8:              llama.attention.head_count_kv u32              = 32
llama_model_loader: - kv   9:     llama.attention.layer_norm_rms_epsilon f32              = 0.000010
llama_model_loader: - kv  10:                          general.file_type u32              = 2
llama_model_loader: - kv  11:                       tokenizer.ggml.model str              = llama
llama_model_loader: - kv  12:                      tokenizer.ggml.tokens arr[str,32000]   = ["<unk>", "<s>", "</s>", "<0x00>", "<...
llama_model_loader: - kv  13:                      tokenizer.ggml.scores arr[f32,32000]   = [0.000000, 0.000000, 0.000000, 0.0000...
llama_model_loader: - kv  14:                  tokenizer.ggml.token_type arr[i32,32000]   = [2, 3, 3, 6, 6, 6, 6, 6, 6, 6, 6, 6, ...
llama_model_loader: - kv  15:                      tokenizer.ggml.merges arr[str,61249]   = ["▁ t", "e r", "i n", "▁ a", "e n...
llama_model_loader: - kv  16:                tokenizer.ggml.bos_token_id u32              = 1
llama_model_loader: - kv  17:                tokenizer.ggml.eos_token_id u32              = 2
llama_model_loader: - kv  18:            tokenizer.ggml.unknown_token_id u32              = 0
llama_model_loader: - kv  19:               tokenizer.ggml.add_bos_token bool             = true
llama_model_loader: - kv  20:               tokenizer.ggml.add_eos_token bool             = false
llama_model_loader: - kv  21:                    tokenizer.chat_template str              = {% if messages[0]['role'] == 'system'...
llama_model_loader: - kv  22:               general.quantization_version u32              = 2
llama_model_loader: - type  f32:   65 tensors
llama_model_loader: - type q4_0:  225 tensors
llama_model_loader: - type q6_K:    1 tensors
print_info: file format = GGUF V3 (latest)
print_info: file type   = Q4_0
print_info: file size   = 3.56 GiB (4.54 BPW) 
load: special_eos_id is not in special_eog_ids - the tokenizer config may be incorrect
load: printing all EOG tokens:
load:   - 2 ('</s>')
load: special tokens cache size = 3
load: token to piece cache size = 0.1684 MB
print_info: arch             = llama
print_info: vocab_only       = 1
print_info: model type       = ?B
print_info: model params     = 6.74 B
print_info: general.name     = LLaMA v2
print_info: vocab type       = SPM
print_info: n_vocab          = 32000
print_info: n_merges         = 0
print_info: BOS token        = 1 '<s>'
print_info: EOS token        = 2 '</s>'
print_info: UNK token        = 0 '<unk>'
print_info: LF token         = 13 '<0x0A>'
print_info: EOG token        = 2 '</s>'
print_info: max token length = 48
llama_model_load: vocab only - skipping tensors
time=2025-11-10T17:59:00.757Z level=INFO source=server.go:400 msg="starting runner" cmd="/usr/local/bin/ollama runner --model /home/codespace/.ollama/models/blobs/sha256-8934d96d3f08982e95922b2b7a2c626a1fe873d7c3b06e8e56d7bc0a1fef9246 --port 44401"
time=2025-11-10T17:59:00.758Z level=INFO source=server.go:470 msg="system memory" total="7.8 GiB" free="2.5 GiB" free_swap="0 B"
time=2025-11-10T17:59:00.758Z level=INFO source=server.go:474 msg="model requires more memory than is currently available, evicting a model to make space" estimate.library="" estimate.layers.requested=0 estimate.layers.model=0 estimate.layers.offload=0 estimate.layers.split=[] estimate.memory.available=[] estimate.memory.gpu_overhead="0 B" estimate.memory.required.full="0 B" estimate.memory.required.partial="0 B" estimate.memory.required.kv="0 B" estimate.memory.required.allocations=[] estimate.memory.weights.total="0 B" estimate.memory.weights.repeating="0 B" estimate.memory.weights.nonrepeating="0 B" estimate.memory.graph.full="0 B" estimate.memory.graph.partial="0 B"
time=2025-11-10T17:59:00.758Z level=INFO source=sched.go:445 msg="model is too large for system memory" requireFull=false
[GIN] 2025/11/10 - 17:59:00 | 500 |  176.398791ms |       127.0.0.1 | POST     "/api/generate"
time=2025-11-10T17:59:16.248Z level=WARN source=types.go:755 msg="invalid option provided" option=max_tokens
llama_model_loader: loaded meta data with 23 key-value pairs and 291 tensors from /home/codespace/.ollama/models/blobs/sha256-8934d96d3f08982e95922b2b7a2c626a1fe873d7c3b06e8e56d7bc0a1fef9246 (version GGUF V3 (latest))
llama_model_loader: Dumping metadata keys/values. Note: KV overrides do not apply in this output.
llama_model_loader: - kv   0:                       general.architecture str              = llama
llama_model_loader: - kv   1:                               general.name str              = LLaMA v2
llama_model_loader: - kv   2:                       llama.context_length u32              = 4096
llama_model_loader: - kv   3:                     llama.embedding_length u32              = 4096
llama_model_loader: - kv   4:                          llama.block_count u32              = 32
llama_model_loader: - kv   5:                  llama.feed_forward_length u32              = 11008
llama_model_loader: - kv   6:                 llama.rope.dimension_count u32              = 128
llama_model_loader: - kv   7:                 llama.attention.head_count u32              = 32
llama_model_loader: - kv   8:              llama.attention.head_count_kv u32              = 32
llama_model_loader: - kv   9:     llama.attention.layer_norm_rms_epsilon f32              = 0.000010
llama_model_loader: - kv  10:                          general.file_type u32              = 2
llama_model_loader: - kv  11:                       tokenizer.ggml.model str              = llama
llama_model_loader: - kv  12:                      tokenizer.ggml.tokens arr[str,32000]   = ["<unk>", "<s>", "</s>", "<0x00>", "<...
llama_model_loader: - kv  13:                      tokenizer.ggml.scores arr[f32,32000]   = [0.000000, 0.000000, 0.000000, 0.0000...
llama_model_loader: - kv  14:                  tokenizer.ggml.token_type arr[i32,32000]   = [2, 3, 3, 6, 6, 6, 6, 6, 6, 6, 6, 6, ...
llama_model_loader: - kv  15:                      tokenizer.ggml.merges arr[str,61249]   = ["▁ t", "e r", "i n", "▁ a", "e n...
llama_model_loader: - kv  16:                tokenizer.ggml.bos_token_id u32              = 1
llama_model_loader: - kv  17:                tokenizer.ggml.eos_token_id u32              = 2
llama_model_loader: - kv  18:            tokenizer.ggml.unknown_token_id u32              = 0
llama_model_loader: - kv  19:               tokenizer.ggml.add_bos_token bool             = true
llama_model_loader: - kv  20:               tokenizer.ggml.add_eos_token bool             = false
llama_model_loader: - kv  21:                    tokenizer.chat_template str              = {% if messages[0]['role'] == 'system'...
llama_model_loader: - kv  22:               general.quantization_version u32              = 2
llama_model_loader: - type  f32:   65 tensors
llama_model_loader: - type q4_0:  225 tensors
llama_model_loader: - type q6_K:    1 tensors
print_info: file format = GGUF V3 (latest)
print_info: file type   = Q4_0
print_info: file size   = 3.56 GiB (4.54 BPW) 
load: special_eos_id is not in special_eog_ids - the tokenizer config may be incorrect
load: printing all EOG tokens:
load:   - 2 ('</s>')
load: special tokens cache size = 3
load: token to piece cache size = 0.1684 MB
print_info: arch             = llama
print_info: vocab_only       = 1
print_info: model type       = ?B
print_info: model params     = 6.74 B
print_info: general.name     = LLaMA v2
print_info: vocab type       = SPM
print_info: n_vocab          = 32000
print_info: n_merges         = 0
print_info: BOS token        = 1 '<s>'
print_info: EOS token        = 2 '</s>'
print_info: UNK token        = 0 '<unk>'
print_info: LF token         = 13 '<0x0A>'
print_info: EOG token        = 2 '</s>'
print_info: max token length = 48
llama_model_load: vocab only - skipping tensors
time=2025-11-10T17:59:16.336Z level=INFO source=server.go:400 msg="starting runner" cmd="/usr/local/bin/ollama runner --model /home/codespace/.ollama/models/blobs/sha256-8934d96d3f08982e95922b2b7a2c626a1fe873d7c3b06e8e56d7bc0a1fef9246 --port 37451"
time=2025-11-10T17:59:16.337Z level=INFO source=server.go:470 msg="system memory" total="7.8 GiB" free="2.7 GiB" free_swap="0 B"
time=2025-11-10T17:59:16.337Z level=INFO source=server.go:474 msg="model requires more memory than is currently available, evicting a model to make space" estimate.library="" estimate.layers.requested=0 estimate.layers.model=0 estimate.layers.offload=0 estimate.layers.split=[] estimate.memory.available=[] estimate.memory.gpu_overhead="0 B" estimate.memory.required.full="0 B" estimate.memory.required.partial="0 B" estimate.memory.required.kv="0 B" estimate.memory.required.allocations=[] estimate.memory.weights.total="0 B" estimate.memory.weights.repeating="0 B" estimate.memory.weights.nonrepeating="0 B" estimate.memory.graph.full="0 B" estimate.memory.graph.partial="0 B"
time=2025-11-10T17:59:16.338Z level=INFO source=sched.go:445 msg="model is too large for system memory" requireFull=false
[GIN] 2025/11/10 - 17:59:16 | 500 |  149.687056ms |       127.0.0.1 | POST     "/api/generate"
time=2025-11-10T17:59:18.013Z level=WARN source=types.go:755 msg="invalid option provided" option=max_tokens
llama_model_loader: loaded meta data with 23 key-value pairs and 291 tensors from /home/codespace/.ollama/models/blobs/sha256-8934d96d3f08982e95922b2b7a2c626a1fe873d7c3b06e8e56d7bc0a1fef9246 (version GGUF V3 (latest))
llama_model_loader: Dumping metadata keys/values. Note: KV overrides do not apply in this output.
llama_model_loader: - kv   0:                       general.architecture str              = llama
llama_model_loader: - kv   1:                               general.name str              = LLaMA v2
llama_model_loader: - kv   2:                       llama.context_length u32              = 4096
llama_model_loader: - kv   3:                     llama.embedding_length u32              = 4096
llama_model_loader: - kv   4:                          llama.block_count u32              = 32
llama_model_loader: - kv   5:                  llama.feed_forward_length u32              = 11008
llama_model_loader: - kv   6:                 llama.rope.dimension_count u32              = 128
llama_model_loader: - kv   7:                 llama.attention.head_count u32              = 32
llama_model_loader: - kv   8:              llama.attention.head_count_kv u32              = 32
llama_model_loader: - kv   9:     llama.attention.layer_norm_rms_epsilon f32              = 0.000010
llama_model_loader: - kv  10:                          general.file_type u32              = 2
llama_model_loader: - kv  11:                       tokenizer.ggml.model str              = llama
llama_model_loader: - kv  12:                      tokenizer.ggml.tokens arr[str,32000]   = ["<unk>", "<s>", "</s>", "<0x00>", "<...
llama_model_loader: - kv  13:                      tokenizer.ggml.scores arr[f32,32000]   = [0.000000, 0.000000, 0.000000, 0.0000...
llama_model_loader: - kv  14:                  tokenizer.ggml.token_type arr[i32,32000]   = [2, 3, 3, 6, 6, 6, 6, 6, 6, 6, 6, 6, ...
llama_model_loader: - kv  15:                      tokenizer.ggml.merges arr[str,61249]   = ["▁ t", "e r", "i n", "▁ a", "e n...
llama_model_loader: - kv  16:                tokenizer.ggml.bos_token_id u32              = 1
llama_model_loader: - kv  17:                tokenizer.ggml.eos_token_id u32              = 2
llama_model_loader: - kv  18:            tokenizer.ggml.unknown_token_id u32              = 0
llama_model_loader: - kv  19:               tokenizer.ggml.add_bos_token bool             = true
llama_model_loader: - kv  20:               tokenizer.ggml.add_eos_token bool             = false
llama_model_loader: - kv  21:                    tokenizer.chat_template str              = {% if messages[0]['role'] == 'system'...
llama_model_loader: - kv  22:               general.quantization_version u32              = 2
llama_model_loader: - type  f32:   65 tensors
llama_model_loader: - type q4_0:  225 tensors
llama_model_loader: - type q6_K:    1 tensors
print_info: file format = GGUF V3 (latest)
print_info: file type   = Q4_0
print_info: file size   = 3.56 GiB (4.54 BPW) 
load: special_eos_id is not in special_eog_ids - the tokenizer config may be incorrect
load: printing all EOG tokens:
load:   - 2 ('</s>')
load: special tokens cache size = 3
load: token to piece cache size = 0.1684 MB
print_info: arch             = llama
print_info: vocab_only       = 1
print_info: model type       = ?B
print_info: model params     = 6.74 B
print_info: general.name     = LLaMA v2
print_info: vocab type       = SPM
print_info: n_vocab          = 32000
print_info: n_merges         = 0
print_info: BOS token        = 1 '<s>'
print_info: EOS token        = 2 '</s>'
print_info: UNK token        = 0 '<unk>'
print_info: LF token         = 13 '<0x0A>'
print_info: EOG token        = 2 '</s>'
print_info: max token length = 48
llama_model_load: vocab only - skipping tensors
time=2025-11-10T17:59:18.115Z level=INFO source=server.go:400 msg="starting runner" cmd="/usr/local/bin/ollama runner --model /home/codespace/.ollama/models/blobs/sha256-8934d96d3f08982e95922b2b7a2c626a1fe873d7c3b06e8e56d7bc0a1fef9246 --port 43827"
time=2025-11-10T17:59:18.115Z level=INFO source=server.go:470 msg="system memory" total="7.8 GiB" free="2.7 GiB" free_swap="0 B"
time=2025-11-10T17:59:18.116Z level=INFO source=server.go:474 msg="model requires more memory than is currently available, evicting a model to make space" estimate.library="" estimate.layers.requested=0 estimate.layers.model=0 estimate.layers.offload=0 estimate.layers.split=[] estimate.memory.available=[] estimate.memory.gpu_overhead="0 B" estimate.memory.required.full="0 B" estimate.memory.required.partial="0 B" estimate.memory.required.kv="0 B" estimate.memory.required.allocations=[] estimate.memory.weights.total="0 B" estimate.memory.weights.repeating="0 B" estimate.memory.weights.nonrepeating="0 B" estimate.memory.graph.full="0 B" estimate.memory.graph.partial="0 B"
time=2025-11-10T17:59:18.116Z level=INFO source=sched.go:445 msg="model is too large for system memory" requireFull=false
[GIN] 2025/11/10 - 17:59:18 | 500 |  151.289433ms |       127.0.0.1 | POST     "/api/generate"
llama_model_loader: loaded meta data with 23 key-value pairs and 291 tensors from /home/codespace/.ollama/models/blobs/sha256-8934d96d3f08982e95922b2b7a2c626a1fe873d7c3b06e8e56d7bc0a1fef9246 (version GGUF V3 (latest))
llama_model_loader: Dumping metadata keys/values. Note: KV overrides do not apply in this output.
llama_model_loader: - kv   0:                       general.architecture str              = llama
llama_model_loader: - kv   1:                               general.name str              = LLaMA v2
llama_model_loader: - kv   2:                       llama.context_length u32              = 4096
llama_model_loader: - kv   3:                     llama.embedding_length u32              = 4096
llama_model_loader: - kv   4:                          llama.block_count u32              = 32
llama_model_loader: - kv   5:                  llama.feed_forward_length u32              = 11008
llama_model_loader: - kv   6:                 llama.rope.dimension_count u32              = 128
llama_model_loader: - kv   7:                 llama.attention.head_count u32              = 32
llama_model_loader: - kv   8:              llama.attention.head_count_kv u32              = 32
llama_model_loader: - kv   9:     llama.attention.layer_norm_rms_epsilon f32              = 0.000010
llama_model_loader: - kv  10:                          general.file_type u32              = 2
llama_model_loader: - kv  11:                       tokenizer.ggml.model str              = llama
llama_model_loader: - kv  12:                      tokenizer.ggml.tokens arr[str,32000]   = ["<unk>", "<s>", "</s>", "<0x00>", "<...
llama_model_loader: - kv  13:                      tokenizer.ggml.scores arr[f32,32000]   = [0.000000, 0.000000, 0.000000, 0.0000...
llama_model_loader: - kv  14:                  tokenizer.ggml.token_type arr[i32,32000]   = [2, 3, 3, 6, 6, 6, 6, 6, 6, 6, 6, 6, ...
llama_model_loader: - kv  15:                      tokenizer.ggml.merges arr[str,61249]   = ["▁ t", "e r", "i n", "▁ a", "e n...
llama_model_loader: - kv  16:                tokenizer.ggml.bos_token_id u32              = 1
llama_model_loader: - kv  17:                tokenizer.ggml.eos_token_id u32              = 2
llama_model_loader: - kv  18:            tokenizer.ggml.unknown_token_id u32              = 0
llama_model_loader: - kv  19:               tokenizer.ggml.add_bos_token bool             = true
llama_model_loader: - kv  20:               tokenizer.ggml.add_eos_token bool             = false
llama_model_loader: - kv  21:                    tokenizer.chat_template str              = {% if messages[0]['role'] == 'system'...
llama_model_loader: - kv  22:               general.quantization_version u32              = 2
llama_model_loader: - type  f32:   65 tensors
llama_model_loader: - type q4_0:  225 tensors
llama_model_loader: - type q6_K:    1 tensors
print_info: file format = GGUF V3 (latest)
print_info: file type   = Q4_0
print_info: file size   = 3.56 GiB (4.54 BPW) 
load: special_eos_id is not in special_eog_ids - the tokenizer config may be incorrect
load: printing all EOG tokens:
load:   - 2 ('</s>')
load: special tokens cache size = 3
load: token to piece cache size = 0.1684 MB
print_info: arch             = llama
print_info: vocab_only       = 1
print_info: model type       = ?B
print_info: model params     = 6.74 B
print_info: general.name     = LLaMA v2
print_info: vocab type       = SPM
print_info: n_vocab          = 32000
print_info: n_merges         = 0
print_info: BOS token        = 1 '<s>'
print_info: EOS token        = 2 '</s>'
print_info: UNK token        = 0 '<unk>'
print_info: LF token         = 13 '<0x0A>'
print_info: EOG token        = 2 '</s>'
print_info: max token length = 48
llama_model_load: vocab only - skipping tensors
time=2025-11-10T17:59:18.193Z level=INFO source=server.go:400 msg="starting runner" cmd="/usr/local/bin/ollama runner --model /home/codespace/.ollama/models/blobs/sha256-8934d96d3f08982e95922b2b7a2c626a1fe873d7c3b06e8e56d7bc0a1fef9246 --port 36599"
time=2025-11-10T17:59:18.193Z level=INFO source=server.go:470 msg="system memory" total="7.8 GiB" free="2.7 GiB" free_swap="0 B"
time=2025-11-10T17:59:18.193Z level=INFO source=server.go:474 msg="model requires more memory than is currently available, evicting a model to make space" estimate.library="" estimate.layers.requested=0 estimate.layers.model=0 estimate.layers.offload=0 estimate.layers.split=[] estimate.memory.available=[] estimate.memory.gpu_overhead="0 B" estimate.memory.required.full="0 B" estimate.memory.required.partial="0 B" estimate.memory.required.kv="0 B" estimate.memory.required.allocations=[] estimate.memory.weights.total="0 B" estimate.memory.weights.repeating="0 B" estimate.memory.weights.nonrepeating="0 B" estimate.memory.graph.full="0 B" estimate.memory.graph.partial="0 B"
time=2025-11-10T17:59:18.193Z level=INFO source=sched.go:445 msg="model is too large for system memory" requireFull=false
[GIN] 2025/11/10 - 17:59:18 | 500 |  227.819294ms |       127.0.0.1 | POST     "/api/generate"
llama_model_loader: loaded meta data with 23 key-value pairs and 291 tensors from /home/codespace/.ollama/models/blobs/sha256-8934d96d3f08982e95922b2b7a2c626a1fe873d7c3b06e8e56d7bc0a1fef9246 (version GGUF V3 (latest))
llama_model_loader: Dumping metadata keys/values. Note: KV overrides do not apply in this output.
llama_model_loader: - kv   0:                       general.architecture str              = llama
llama_model_loader: - kv   1:                               general.name str              = LLaMA v2
llama_model_loader: - kv   2:                       llama.context_length u32              = 4096
llama_model_loader: - kv   3:                     llama.embedding_length u32              = 4096
llama_model_loader: - kv   4:                          llama.block_count u32              = 32
llama_model_loader: - kv   5:                  llama.feed_forward_length u32              = 11008
llama_model_loader: - kv   6:                 llama.rope.dimension_count u32              = 128
llama_model_loader: - kv   7:                 llama.attention.head_count u32              = 32
llama_model_loader: - kv   8:              llama.attention.head_count_kv u32              = 32
llama_model_loader: - kv   9:     llama.attention.layer_norm_rms_epsilon f32              = 0.000010
llama_model_loader: - kv  10:                          general.file_type u32              = 2
llama_model_loader: - kv  11:                       tokenizer.ggml.model str              = llama
llama_model_loader: - kv  12:                      tokenizer.ggml.tokens arr[str,32000]   = ["<unk>", "<s>", "</s>", "<0x00>", "<...
llama_model_loader: - kv  13:                      tokenizer.ggml.scores arr[f32,32000]   = [0.000000, 0.000000, 0.000000, 0.0000...
llama_model_loader: - kv  14:                  tokenizer.ggml.token_type arr[i32,32000]   = [2, 3, 3, 6, 6, 6, 6, 6, 6, 6, 6, 6, ...
llama_model_loader: - kv  15:                      tokenizer.ggml.merges arr[str,61249]   = ["▁ t", "e r", "i n", "▁ a", "e n...
llama_model_loader: - kv  16:                tokenizer.ggml.bos_token_id u32              = 1
llama_model_loader: - kv  17:                tokenizer.ggml.eos_token_id u32              = 2
llama_model_loader: - kv  18:            tokenizer.ggml.unknown_token_id u32              = 0
llama_model_loader: - kv  19:               tokenizer.ggml.add_bos_token bool             = true
llama_model_loader: - kv  20:               tokenizer.ggml.add_eos_token bool             = false
llama_model_loader: - kv  21:                    tokenizer.chat_template str              = {% if messages[0]['role'] == 'system'...
llama_model_loader: - kv  22:               general.quantization_version u32              = 2
llama_model_loader: - type  f32:   65 tensors
llama_model_loader: - type q4_0:  225 tensors
llama_model_loader: - type q6_K:    1 tensors
print_info: file format = GGUF V3 (latest)
print_info: file type   = Q4_0
print_info: file size   = 3.56 GiB (4.54 BPW) 
load: special_eos_id is not in special_eog_ids - the tokenizer config may be incorrect
load: printing all EOG tokens:
load:   - 2 ('</s>')
load: special tokens cache size = 3
load: token to piece cache size = 0.1684 MB
print_info: arch             = llama
print_info: vocab_only       = 1
print_info: model type       = ?B
print_info: model params     = 6.74 B
print_info: general.name     = LLaMA v2
print_info: vocab type       = SPM
print_info: n_vocab          = 32000
print_info: n_merges         = 0
print_info: BOS token        = 1 '<s>'
print_info: EOS token        = 2 '</s>'
print_info: UNK token        = 0 '<unk>'
print_info: LF token         = 13 '<0x0A>'
print_info: EOG token        = 2 '</s>'
print_info: max token length = 48
llama_model_load: vocab only - skipping tensors
time=2025-11-10T17:59:45.754Z level=INFO source=server.go:400 msg="starting runner" cmd="/usr/local/bin/ollama runner --model /home/codespace/.ollama/models/blobs/sha256-8934d96d3f08982e95922b2b7a2c626a1fe873d7c3b06e8e56d7bc0a1fef9246 --port 42165"
time=2025-11-10T17:59:45.755Z level=INFO source=server.go:470 msg="system memory" total="7.8 GiB" free="2.5 GiB" free_swap="0 B"
time=2025-11-10T17:59:45.755Z level=INFO source=server.go:474 msg="model requires more memory than is currently available, evicting a model to make space" estimate.library="" estimate.layers.requested=0 estimate.layers.model=0 estimate.layers.offload=0 estimate.layers.split=[] estimate.memory.available=[] estimate.memory.gpu_overhead="0 B" estimate.memory.required.full="0 B" estimate.memory.required.partial="0 B" estimate.memory.required.kv="0 B" estimate.memory.required.allocations=[] estimate.memory.weights.total="0 B" estimate.memory.weights.repeating="0 B" estimate.memory.weights.nonrepeating="0 B" estimate.memory.graph.full="0 B" estimate.memory.graph.partial="0 B"
time=2025-11-10T17:59:45.755Z level=INFO source=sched.go:445 msg="model is too large for system memory" requireFull=false
[GIN] 2025/11/10 - 17:59:45 | 500 |  133.260568ms |       127.0.0.1 | POST     "/api/generate"
llama_model_loader: loaded meta data with 23 key-value pairs and 291 tensors from /home/codespace/.ollama/models/blobs/sha256-8934d96d3f08982e95922b2b7a2c626a1fe873d7c3b06e8e56d7bc0a1fef9246 (version GGUF V3 (latest))
llama_model_loader: Dumping metadata keys/values. Note: KV overrides do not apply in this output.
llama_model_loader: - kv   0:                       general.architecture str              = llama
llama_model_loader: - kv   1:                               general.name str              = LLaMA v2
llama_model_loader: - kv   2:                       llama.context_length u32              = 4096
llama_model_loader: - kv   3:                     llama.embedding_length u32              = 4096
llama_model_loader: - kv   4:                          llama.block_count u32              = 32
llama_model_loader: - kv   5:                  llama.feed_forward_length u32              = 11008
llama_model_loader: - kv   6:                 llama.rope.dimension_count u32              = 128
llama_model_loader: - kv   7:                 llama.attention.head_count u32              = 32
llama_model_loader: - kv   8:              llama.attention.head_count_kv u32              = 32
llama_model_loader: - kv   9:     llama.attention.layer_norm_rms_epsilon f32              = 0.000010
llama_model_loader: - kv  10:                          general.file_type u32              = 2
llama_model_loader: - kv  11:                       tokenizer.ggml.model str              = llama
llama_model_loader: - kv  12:                      tokenizer.ggml.tokens arr[str,32000]   = ["<unk>", "<s>", "</s>", "<0x00>", "<...
llama_model_loader: - kv  13:                      tokenizer.ggml.scores arr[f32,32000]   = [0.000000, 0.000000, 0.000000, 0.0000...
llama_model_loader: - kv  14:                  tokenizer.ggml.token_type arr[i32,32000]   = [2, 3, 3, 6, 6, 6, 6, 6, 6, 6, 6, 6, ...
llama_model_loader: - kv  15:                      tokenizer.ggml.merges arr[str,61249]   = ["▁ t", "e r", "i n", "▁ a", "e n...
llama_model_loader: - kv  16:                tokenizer.ggml.bos_token_id u32              = 1
llama_model_loader: - kv  17:                tokenizer.ggml.eos_token_id u32              = 2
llama_model_loader: - kv  18:            tokenizer.ggml.unknown_token_id u32              = 0
llama_model_loader: - kv  19:               tokenizer.ggml.add_bos_token bool             = true
llama_model_loader: - kv  20:               tokenizer.ggml.add_eos_token bool             = false
llama_model_loader: - kv  21:                    tokenizer.chat_template str              = {% if messages[0]['role'] == 'system'...
llama_model_loader: - kv  22:               general.quantization_version u32              = 2
llama_model_loader: - type  f32:   65 tensors
llama_model_loader: - type q4_0:  225 tensors
llama_model_loader: - type q6_K:    1 tensors
print_info: file format = GGUF V3 (latest)
print_info: file type   = Q4_0
print_info: file size   = 3.56 GiB (4.54 BPW) 
load: special_eos_id is not in special_eog_ids - the tokenizer config may be incorrect
load: printing all EOG tokens:
load:   - 2 ('</s>')
load: special tokens cache size = 3
load: token to piece cache size = 0.1684 MB
print_info: arch             = llama
print_info: vocab_only       = 1
print_info: model type       = ?B
print_info: model params     = 6.74 B
print_info: general.name     = LLaMA v2
print_info: vocab type       = SPM
print_info: n_vocab          = 32000
print_info: n_merges         = 0
print_info: BOS token        = 1 '<s>'
print_info: EOS token        = 2 '</s>'
print_info: UNK token        = 0 '<unk>'
print_info: LF token         = 13 '<0x0A>'
print_info: EOG token        = 2 '</s>'
print_info: max token length = 48
llama_model_load: vocab only - skipping tensors
time=2025-11-10T17:59:45.891Z level=INFO source=server.go:400 msg="starting runner" cmd="/usr/local/bin/ollama runner --model /home/codespace/.ollama/models/blobs/sha256-8934d96d3f08982e95922b2b7a2c626a1fe873d7c3b06e8e56d7bc0a1fef9246 --port 34219"
time=2025-11-10T17:59:45.894Z level=INFO source=server.go:470 msg="system memory" total="7.8 GiB" free="2.5 GiB" free_swap="0 B"
time=2025-11-10T17:59:45.894Z level=INFO source=server.go:474 msg="model requires more memory than is currently available, evicting a model to make space" estimate.library="" estimate.layers.requested=0 estimate.layers.model=0 estimate.layers.offload=0 estimate.layers.split=[] estimate.memory.available=[] estimate.memory.gpu_overhead="0 B" estimate.memory.required.full="0 B" estimate.memory.required.partial="0 B" estimate.memory.required.kv="0 B" estimate.memory.required.allocations=[] estimate.memory.weights.total="0 B" estimate.memory.weights.repeating="0 B" estimate.memory.weights.nonrepeating="0 B" estimate.memory.graph.full="0 B" estimate.memory.graph.partial="0 B"
time=2025-11-10T17:59:45.894Z level=INFO source=sched.go:445 msg="model is too large for system memory" requireFull=false
[GIN] 2025/11/10 - 17:59:45 | 500 |  277.312141ms |       127.0.0.1 | POST     "/api/generate"
llama_model_loader: loaded meta data with 23 key-value pairs and 291 tensors from /home/codespace/.ollama/models/blobs/sha256-8934d96d3f08982e95922b2b7a2c626a1fe873d7c3b06e8e56d7bc0a1fef9246 (version GGUF V3 (latest))
llama_model_loader: Dumping metadata keys/values. Note: KV overrides do not apply in this output.
llama_model_loader: - kv   0:                       general.architecture str              = llama
llama_model_loader: - kv   1:                               general.name str              = LLaMA v2
llama_model_loader: - kv   2:                       llama.context_length u32              = 4096
llama_model_loader: - kv   3:                     llama.embedding_length u32              = 4096
llama_model_loader: - kv   4:                          llama.block_count u32              = 32
llama_model_loader: - kv   5:                  llama.feed_forward_length u32              = 11008
llama_model_loader: - kv   6:                 llama.rope.dimension_count u32              = 128
llama_model_loader: - kv   7:                 llama.attention.head_count u32              = 32
llama_model_loader: - kv   8:              llama.attention.head_count_kv u32              = 32
llama_model_loader: - kv   9:     llama.attention.layer_norm_rms_epsilon f32              = 0.000010
llama_model_loader: - kv  10:                          general.file_type u32              = 2
llama_model_loader: - kv  11:                       tokenizer.ggml.model str              = llama
llama_model_loader: - kv  12:                      tokenizer.ggml.tokens arr[str,32000]   = ["<unk>", "<s>", "</s>", "<0x00>", "<...
llama_model_loader: - kv  13:                      tokenizer.ggml.scores arr[f32,32000]   = [0.000000, 0.000000, 0.000000, 0.0000...
llama_model_loader: - kv  14:                  tokenizer.ggml.token_type arr[i32,32000]   = [2, 3, 3, 6, 6, 6, 6, 6, 6, 6, 6, 6, ...
llama_model_loader: - kv  15:                      tokenizer.ggml.merges arr[str,61249]   = ["▁ t", "e r", "i n", "▁ a", "e n...
llama_model_loader: - kv  16:                tokenizer.ggml.bos_token_id u32              = 1
llama_model_loader: - kv  17:                tokenizer.ggml.eos_token_id u32              = 2
llama_model_loader: - kv  18:            tokenizer.ggml.unknown_token_id u32              = 0
llama_model_loader: - kv  19:               tokenizer.ggml.add_bos_token bool             = true
llama_model_loader: - kv  20:               tokenizer.ggml.add_eos_token bool             = false
llama_model_loader: - kv  21:                    tokenizer.chat_template str              = {% if messages[0]['role'] == 'system'...
llama_model_loader: - kv  22:               general.quantization_version u32              = 2
llama_model_loader: - type  f32:   65 tensors
llama_model_loader: - type q4_0:  225 tensors
llama_model_loader: - type q6_K:    1 tensors
print_info: file format = GGUF V3 (latest)
print_info: file type   = Q4_0
print_info: file size   = 3.56 GiB (4.54 BPW) 
load: special_eos_id is not in special_eog_ids - the tokenizer config may be incorrect
load: printing all EOG tokens:
load:   - 2 ('</s>')
load: special tokens cache size = 3
load: token to piece cache size = 0.1684 MB
print_info: arch             = llama
print_info: vocab_only       = 1
print_info: model type       = ?B
print_info: model params     = 6.74 B
print_info: general.name     = LLaMA v2
print_info: vocab type       = SPM
print_info: n_vocab          = 32000
print_info: n_merges         = 0
print_info: BOS token        = 1 '<s>'
print_info: EOS token        = 2 '</s>'
print_info: UNK token        = 0 '<unk>'
print_info: LF token         = 13 '<0x0A>'
print_info: EOG token        = 2 '</s>'
print_info: max token length = 48
llama_model_load: vocab only - skipping tensors
time=2025-11-10T17:59:45.995Z level=INFO source=server.go:400 msg="starting runner" cmd="/usr/local/bin/ollama runner --model /home/codespace/.ollama/models/blobs/sha256-8934d96d3f08982e95922b2b7a2c626a1fe873d7c3b06e8e56d7bc0a1fef9246 --port 37509"
time=2025-11-10T17:59:45.995Z level=INFO source=server.go:470 msg="system memory" total="7.8 GiB" free="2.5 GiB" free_swap="0 B"
time=2025-11-10T17:59:45.996Z level=INFO source=server.go:474 msg="model requires more memory than is currently available, evicting a model to make space" estimate.library="" estimate.layers.requested=0 estimate.layers.model=0 estimate.layers.offload=0 estimate.layers.split=[] estimate.memory.available=[] estimate.memory.gpu_overhead="0 B" estimate.memory.required.full="0 B" estimate.memory.required.partial="0 B" estimate.memory.required.kv="0 B" estimate.memory.required.allocations=[] estimate.memory.weights.total="0 B" estimate.memory.weights.repeating="0 B" estimate.memory.weights.nonrepeating="0 B" estimate.memory.graph.full="0 B" estimate.memory.graph.partial="0 B"
time=2025-11-10T17:59:45.996Z level=INFO source=sched.go:445 msg="model is too large for system memory" requireFull=false
[GIN] 2025/11/10 - 17:59:45 | 500 |  214.832636ms |       127.0.0.1 | POST     "/api/generate"
llama_model_loader: loaded meta data with 23 key-value pairs and 291 tensors from /home/codespace/.ollama/models/blobs/sha256-8934d96d3f08982e95922b2b7a2c626a1fe873d7c3b06e8e56d7bc0a1fef9246 (version GGUF V3 (latest))
llama_model_loader: Dumping metadata keys/values. Note: KV overrides do not apply in this output.
llama_model_loader: - kv   0:                       general.architecture str              = llama
llama_model_loader: - kv   1:                               general.name str              = LLaMA v2
llama_model_loader: - kv   2:                       llama.context_length u32              = 4096
llama_model_loader: - kv   3:                     llama.embedding_length u32              = 4096
llama_model_loader: - kv   4:                          llama.block_count u32              = 32
llama_model_loader: - kv   5:                  llama.feed_forward_length u32              = 11008
llama_model_loader: - kv   6:                 llama.rope.dimension_count u32              = 128
llama_model_loader: - kv   7:                 llama.attention.head_count u32              = 32
llama_model_loader: - kv   8:              llama.attention.head_count_kv u32              = 32
llama_model_loader: - kv   9:     llama.attention.layer_norm_rms_epsilon f32              = 0.000010
llama_model_loader: - kv  10:                          general.file_type u32              = 2
llama_model_loader: - kv  11:                       tokenizer.ggml.model str              = llama
llama_model_loader: - kv  12:                      tokenizer.ggml.tokens arr[str,32000]   = ["<unk>", "<s>", "</s>", "<0x00>", "<...
llama_model_loader: - kv  13:                      tokenizer.ggml.scores arr[f32,32000]   = [0.000000, 0.000000, 0.000000, 0.0000...
llama_model_loader: - kv  14:                  tokenizer.ggml.token_type arr[i32,32000]   = [2, 3, 3, 6, 6, 6, 6, 6, 6, 6, 6, 6, ...
llama_model_loader: - kv  15:                      tokenizer.ggml.merges arr[str,61249]   = ["▁ t", "e r", "i n", "▁ a", "e n...
llama_model_loader: - kv  16:                tokenizer.ggml.bos_token_id u32              = 1
llama_model_loader: - kv  17:                tokenizer.ggml.eos_token_id u32              = 2
llama_model_loader: - kv  18:            tokenizer.ggml.unknown_token_id u32              = 0
llama_model_loader: - kv  19:               tokenizer.ggml.add_bos_token bool             = true
llama_model_loader: - kv  20:               tokenizer.ggml.add_eos_token bool             = false
llama_model_loader: - kv  21:                    tokenizer.chat_template str              = {% if messages[0]['role'] == 'system'...
llama_model_loader: - kv  22:               general.quantization_version u32              = 2
llama_model_loader: - type  f32:   65 tensors
llama_model_loader: - type q4_0:  225 tensors
llama_model_loader: - type q6_K:    1 tensors
print_info: file format = GGUF V3 (latest)
print_info: file type   = Q4_0
print_info: file size   = 3.56 GiB (4.54 BPW) 
load: special_eos_id is not in special_eog_ids - the tokenizer config may be incorrect
load: printing all EOG tokens:
load:   - 2 ('</s>')
load: special tokens cache size = 3
load: token to piece cache size = 0.1684 MB
print_info: arch             = llama
print_info: vocab_only       = 1
print_info: model type       = ?B
print_info: model params     = 6.74 B
print_info: general.name     = LLaMA v2
print_info: vocab type       = SPM
print_info: n_vocab          = 32000
print_info: n_merges         = 0
print_info: BOS token        = 1 '<s>'
print_info: EOS token        = 2 '</s>'
print_info: UNK token        = 0 '<unk>'
print_info: LF token         = 13 '<0x0A>'
print_info: EOG token        = 2 '</s>'
print_info: max token length = 48
llama_model_load: vocab only - skipping tensors
time=2025-11-10T18:01:51.949Z level=INFO source=server.go:400 msg="starting runner" cmd="/usr/local/bin/ollama runner --model /home/codespace/.ollama/models/blobs/sha256-8934d96d3f08982e95922b2b7a2c626a1fe873d7c3b06e8e56d7bc0a1fef9246 --port 38537"
time=2025-11-10T18:01:51.949Z level=INFO source=server.go:470 msg="system memory" total="7.8 GiB" free="2.7 GiB" free_swap="0 B"
time=2025-11-10T18:01:51.949Z level=INFO source=server.go:474 msg="model requires more memory than is currently available, evicting a model to make space" estimate.library="" estimate.layers.requested=0 estimate.layers.model=0 estimate.layers.offload=0 estimate.layers.split=[] estimate.memory.available=[] estimate.memory.gpu_overhead="0 B" estimate.memory.required.full="0 B" estimate.memory.required.partial="0 B" estimate.memory.required.kv="0 B" estimate.memory.required.allocations=[] estimate.memory.weights.total="0 B" estimate.memory.weights.repeating="0 B" estimate.memory.weights.nonrepeating="0 B" estimate.memory.graph.full="0 B" estimate.memory.graph.partial="0 B"
time=2025-11-10T18:01:51.949Z level=INFO source=sched.go:445 msg="model is too large for system memory" requireFull=false
[GIN] 2025/11/10 - 18:01:51 | 500 |  177.628273ms |       127.0.0.1 | POST     "/api/generate"
llama_model_loader: loaded meta data with 23 key-value pairs and 291 tensors from /home/codespace/.ollama/models/blobs/sha256-8934d96d3f08982e95922b2b7a2c626a1fe873d7c3b06e8e56d7bc0a1fef9246 (version GGUF V3 (latest))
llama_model_loader: Dumping metadata keys/values. Note: KV overrides do not apply in this output.
llama_model_loader: - kv   0:                       general.architecture str              = llama
llama_model_loader: - kv   1:                               general.name str              = LLaMA v2
llama_model_loader: - kv   2:                       llama.context_length u32              = 4096
llama_model_loader: - kv   3:                     llama.embedding_length u32              = 4096
llama_model_loader: - kv   4:                          llama.block_count u32              = 32
llama_model_loader: - kv   5:                  llama.feed_forward_length u32              = 11008
llama_model_loader: - kv   6:                 llama.rope.dimension_count u32              = 128
llama_model_loader: - kv   7:                 llama.attention.head_count u32              = 32
llama_model_loader: - kv   8:              llama.attention.head_count_kv u32              = 32
llama_model_loader: - kv   9:     llama.attention.layer_norm_rms_epsilon f32              = 0.000010
llama_model_loader: - kv  10:                          general.file_type u32              = 2
llama_model_loader: - kv  11:                       tokenizer.ggml.model str              = llama
llama_model_loader: - kv  12:                      tokenizer.ggml.tokens arr[str,32000]   = ["<unk>", "<s>", "</s>", "<0x00>", "<...
llama_model_loader: - kv  13:                      tokenizer.ggml.scores arr[f32,32000]   = [0.000000, 0.000000, 0.000000, 0.0000...
llama_model_loader: - kv  14:                  tokenizer.ggml.token_type arr[i32,32000]   = [2, 3, 3, 6, 6, 6, 6, 6, 6, 6, 6, 6, ...
llama_model_loader: - kv  15:                      tokenizer.ggml.merges arr[str,61249]   = ["▁ t", "e r", "i n", "▁ a", "e n...
llama_model_loader: - kv  16:                tokenizer.ggml.bos_token_id u32              = 1
llama_model_loader: - kv  17:                tokenizer.ggml.eos_token_id u32              = 2
llama_model_loader: - kv  18:            tokenizer.ggml.unknown_token_id u32              = 0
llama_model_loader: - kv  19:               tokenizer.ggml.add_bos_token bool             = true
llama_model_loader: - kv  20:               tokenizer.ggml.add_eos_token bool             = false
llama_model_loader: - kv  21:                    tokenizer.chat_template str              = {% if messages[0]['role'] == 'system'...
llama_model_loader: - kv  22:               general.quantization_version u32              = 2
llama_model_loader: - type  f32:   65 tensors
llama_model_loader: - type q4_0:  225 tensors
llama_model_loader: - type q6_K:    1 tensors
print_info: file format = GGUF V3 (latest)
print_info: file type   = Q4_0
print_info: file size   = 3.56 GiB (4.54 BPW) 
load: special_eos_id is not in special_eog_ids - the tokenizer config may be incorrect
load: printing all EOG tokens:
load:   - 2 ('</s>')
load: special tokens cache size = 3
load: token to piece cache size = 0.1684 MB
print_info: arch             = llama
print_info: vocab_only       = 1
print_info: model type       = ?B
print_info: model params     = 6.74 B
print_info: general.name     = LLaMA v2
print_info: vocab type       = SPM
print_info: n_vocab          = 32000
print_info: n_merges         = 0
print_info: BOS token        = 1 '<s>'
print_info: EOS token        = 2 '</s>'
print_info: UNK token        = 0 '<unk>'
print_info: LF token         = 13 '<0x0A>'
print_info: EOG token        = 2 '</s>'
print_info: max token length = 48
llama_model_load: vocab only - skipping tensors
time=2025-11-10T18:01:52.083Z level=INFO source=server.go:400 msg="starting runner" cmd="/usr/local/bin/ollama runner --model /home/codespace/.ollama/models/blobs/sha256-8934d96d3f08982e95922b2b7a2c626a1fe873d7c3b06e8e56d7bc0a1fef9246 --port 39267"
time=2025-11-10T18:01:52.084Z level=INFO source=server.go:470 msg="system memory" total="7.8 GiB" free="2.7 GiB" free_swap="0 B"
time=2025-11-10T18:01:52.084Z level=INFO source=server.go:474 msg="model requires more memory than is currently available, evicting a model to make space" estimate.library="" estimate.layers.requested=0 estimate.layers.model=0 estimate.layers.offload=0 estimate.layers.split=[] estimate.memory.available=[] estimate.memory.gpu_overhead="0 B" estimate.memory.required.full="0 B" estimate.memory.required.partial="0 B" estimate.memory.required.kv="0 B" estimate.memory.required.allocations=[] estimate.memory.weights.total="0 B" estimate.memory.weights.repeating="0 B" estimate.memory.weights.nonrepeating="0 B" estimate.memory.graph.full="0 B" estimate.memory.graph.partial="0 B"
time=2025-11-10T18:01:52.084Z level=INFO source=sched.go:445 msg="model is too large for system memory" requireFull=false
[GIN] 2025/11/10 - 18:01:52 | 500 |  319.038532ms |       127.0.0.1 | POST     "/api/generate"
llama_model_loader: loaded meta data with 23 key-value pairs and 291 tensors from /home/codespace/.ollama/models/blobs/sha256-8934d96d3f08982e95922b2b7a2c626a1fe873d7c3b06e8e56d7bc0a1fef9246 (version GGUF V3 (latest))
llama_model_loader: Dumping metadata keys/values. Note: KV overrides do not apply in this output.
llama_model_loader: - kv   0:                       general.architecture str              = llama
llama_model_loader: - kv   1:                               general.name str              = LLaMA v2
llama_model_loader: - kv   2:                       llama.context_length u32              = 4096
llama_model_loader: - kv   3:                     llama.embedding_length u32              = 4096
llama_model_loader: - kv   4:                          llama.block_count u32              = 32
llama_model_loader: - kv   5:                  llama.feed_forward_length u32              = 11008
llama_model_loader: - kv   6:                 llama.rope.dimension_count u32              = 128
llama_model_loader: - kv   7:                 llama.attention.head_count u32              = 32
llama_model_loader: - kv   8:              llama.attention.head_count_kv u32              = 32
llama_model_loader: - kv   9:     llama.attention.layer_norm_rms_epsilon f32              = 0.000010
llama_model_loader: - kv  10:                          general.file_type u32              = 2
llama_model_loader: - kv  11:                       tokenizer.ggml.model str              = llama
llama_model_loader: - kv  12:                      tokenizer.ggml.tokens arr[str,32000]   = ["<unk>", "<s>", "</s>", "<0x00>", "<...
llama_model_loader: - kv  13:                      tokenizer.ggml.scores arr[f32,32000]   = [0.000000, 0.000000, 0.000000, 0.0000...
llama_model_loader: - kv  14:                  tokenizer.ggml.token_type arr[i32,32000]   = [2, 3, 3, 6, 6, 6, 6, 6, 6, 6, 6, 6, ...
llama_model_loader: - kv  15:                      tokenizer.ggml.merges arr[str,61249]   = ["▁ t", "e r", "i n", "▁ a", "e n...
llama_model_loader: - kv  16:                tokenizer.ggml.bos_token_id u32              = 1
llama_model_loader: - kv  17:                tokenizer.ggml.eos_token_id u32              = 2
llama_model_loader: - kv  18:            tokenizer.ggml.unknown_token_id u32              = 0
llama_model_loader: - kv  19:               tokenizer.ggml.add_bos_token bool             = true
llama_model_loader: - kv  20:               tokenizer.ggml.add_eos_token bool             = false
llama_model_loader: - kv  21:                    tokenizer.chat_template str              = {% if messages[0]['role'] == 'system'...
llama_model_loader: - kv  22:               general.quantization_version u32              = 2
llama_model_loader: - type  f32:   65 tensors
llama_model_loader: - type q4_0:  225 tensors
llama_model_loader: - type q6_K:    1 tensors
print_info: file format = GGUF V3 (latest)
print_info: file type   = Q4_0
print_info: file size   = 3.56 GiB (4.54 BPW) 
load: special_eos_id is not in special_eog_ids - the tokenizer config may be incorrect
load: printing all EOG tokens:
load:   - 2 ('</s>')
load: special tokens cache size = 3
load: token to piece cache size = 0.1684 MB
print_info: arch             = llama
print_info: vocab_only       = 1
print_info: model type       = ?B
print_info: model params     = 6.74 B
print_info: general.name     = LLaMA v2
print_info: vocab type       = SPM
print_info: n_vocab          = 32000
print_info: n_merges         = 0
print_info: BOS token        = 1 '<s>'
print_info: EOS token        = 2 '</s>'
print_info: UNK token        = 0 '<unk>'
print_info: LF token         = 13 '<0x0A>'
print_info: EOG token        = 2 '</s>'
print_info: max token length = 48
llama_model_load: vocab only - skipping tensors
time=2025-11-10T18:01:52.163Z level=INFO source=server.go:400 msg="starting runner" cmd="/usr/local/bin/ollama runner --model /home/codespace/.ollama/models/blobs/sha256-8934d96d3f08982e95922b2b7a2c626a1fe873d7c3b06e8e56d7bc0a1fef9246 --port 43587"
time=2025-11-10T18:01:52.164Z level=INFO source=server.go:470 msg="system memory" total="7.8 GiB" free="2.7 GiB" free_swap="0 B"
time=2025-11-10T18:01:52.164Z level=INFO source=server.go:474 msg="model requires more memory than is currently available, evicting a model to make space" estimate.library="" estimate.layers.requested=0 estimate.layers.model=0 estimate.layers.offload=0 estimate.layers.split=[] estimate.memory.available=[] estimate.memory.gpu_overhead="0 B" estimate.memory.required.full="0 B" estimate.memory.required.partial="0 B" estimate.memory.required.kv="0 B" estimate.memory.required.allocations=[] estimate.memory.weights.total="0 B" estimate.memory.weights.repeating="0 B" estimate.memory.weights.nonrepeating="0 B" estimate.memory.graph.full="0 B" estimate.memory.graph.partial="0 B"
time=2025-11-10T18:01:52.164Z level=INFO source=sched.go:445 msg="model is too large for system memory" requireFull=false
[GIN] 2025/11/10 - 18:01:52 | 500 |  173.305516ms |       127.0.0.1 | POST     "/api/generate"
llama_model_loader: loaded meta data with 23 key-value pairs and 291 tensors from /home/codespace/.ollama/models/blobs/sha256-8934d96d3f08982e95922b2b7a2c626a1fe873d7c3b06e8e56d7bc0a1fef9246 (version GGUF V3 (latest))
llama_model_loader: Dumping metadata keys/values. Note: KV overrides do not apply in this output.
llama_model_loader: - kv   0:                       general.architecture str              = llama
llama_model_loader: - kv   1:                               general.name str              = LLaMA v2
llama_model_loader: - kv   2:                       llama.context_length u32              = 4096
llama_model_loader: - kv   3:                     llama.embedding_length u32              = 4096
llama_model_loader: - kv   4:                          llama.block_count u32              = 32
llama_model_loader: - kv   5:                  llama.feed_forward_length u32              = 11008
llama_model_loader: - kv   6:                 llama.rope.dimension_count u32              = 128
llama_model_loader: - kv   7:                 llama.attention.head_count u32              = 32
llama_model_loader: - kv   8:              llama.attention.head_count_kv u32              = 32
llama_model_loader: - kv   9:     llama.attention.layer_norm_rms_epsilon f32              = 0.000010
llama_model_loader: - kv  10:                          general.file_type u32              = 2
llama_model_loader: - kv  11:                       tokenizer.ggml.model str              = llama
llama_model_loader: - kv  12:                      tokenizer.ggml.tokens arr[str,32000]   = ["<unk>", "<s>", "</s>", "<0x00>", "<...
llama_model_loader: - kv  13:                      tokenizer.ggml.scores arr[f32,32000]   = [0.000000, 0.000000, 0.000000, 0.0000...
llama_model_loader: - kv  14:                  tokenizer.ggml.token_type arr[i32,32000]   = [2, 3, 3, 6, 6, 6, 6, 6, 6, 6, 6, 6, ...
llama_model_loader: - kv  15:                      tokenizer.ggml.merges arr[str,61249]   = ["▁ t", "e r", "i n", "▁ a", "e n...
llama_model_loader: - kv  16:                tokenizer.ggml.bos_token_id u32              = 1
llama_model_loader: - kv  17:                tokenizer.ggml.eos_token_id u32              = 2
llama_model_loader: - kv  18:            tokenizer.ggml.unknown_token_id u32              = 0
llama_model_loader: - kv  19:               tokenizer.ggml.add_bos_token bool             = true
llama_model_loader: - kv  20:               tokenizer.ggml.add_eos_token bool             = false
llama_model_loader: - kv  21:                    tokenizer.chat_template str              = {% if messages[0]['role'] == 'system'...
llama_model_loader: - kv  22:               general.quantization_version u32              = 2
llama_model_loader: - type  f32:   65 tensors
llama_model_loader: - type q4_0:  225 tensors
llama_model_loader: - type q6_K:    1 tensors
print_info: file format = GGUF V3 (latest)
print_info: file type   = Q4_0
print_info: file size   = 3.56 GiB (4.54 BPW) 
load: special_eos_id is not in special_eog_ids - the tokenizer config may be incorrect
load: printing all EOG tokens:
load:   - 2 ('</s>')
load: special tokens cache size = 3
load: token to piece cache size = 0.1684 MB
print_info: arch             = llama
print_info: vocab_only       = 1
print_info: model type       = ?B
print_info: model params     = 6.74 B
print_info: general.name     = LLaMA v2
print_info: vocab type       = SPM
print_info: n_vocab          = 32000
print_info: n_merges         = 0
print_info: BOS token        = 1 '<s>'
print_info: EOS token        = 2 '</s>'
print_info: UNK token        = 0 '<unk>'
print_info: LF token         = 13 '<0x0A>'
print_info: EOG token        = 2 '</s>'
print_info: max token length = 48
llama_model_load: vocab only - skipping tensors
time=2025-11-10T18:02:15.575Z level=INFO source=server.go:400 msg="starting runner" cmd="/usr/local/bin/ollama runner --model /home/codespace/.ollama/models/blobs/sha256-8934d96d3f08982e95922b2b7a2c626a1fe873d7c3b06e8e56d7bc0a1fef9246 --port 36055"
time=2025-11-10T18:02:15.576Z level=INFO source=server.go:470 msg="system memory" total="7.8 GiB" free="2.7 GiB" free_swap="0 B"
time=2025-11-10T18:02:15.579Z level=INFO source=server.go:474 msg="model requires more memory than is currently available, evicting a model to make space" estimate.library="" estimate.layers.requested=0 estimate.layers.model=0 estimate.layers.offload=0 estimate.layers.split=[] estimate.memory.available=[] estimate.memory.gpu_overhead="0 B" estimate.memory.required.full="0 B" estimate.memory.required.partial="0 B" estimate.memory.required.kv="0 B" estimate.memory.required.allocations=[] estimate.memory.weights.total="0 B" estimate.memory.weights.repeating="0 B" estimate.memory.weights.nonrepeating="0 B" estimate.memory.graph.full="0 B" estimate.memory.graph.partial="0 B"
time=2025-11-10T18:02:15.579Z level=INFO source=sched.go:445 msg="model is too large for system memory" requireFull=false
[GIN] 2025/11/10 - 18:02:15 | 500 |  219.403203ms |       127.0.0.1 | POST     "/api/generate"
llama_model_loader: loaded meta data with 23 key-value pairs and 291 tensors from /home/codespace/.ollama/models/blobs/sha256-8934d96d3f08982e95922b2b7a2c626a1fe873d7c3b06e8e56d7bc0a1fef9246 (version GGUF V3 (latest))
llama_model_loader: Dumping metadata keys/values. Note: KV overrides do not apply in this output.
llama_model_loader: - kv   0:                       general.architecture str              = llama
llama_model_loader: - kv   1:                               general.name str              = LLaMA v2
llama_model_loader: - kv   2:                       llama.context_length u32              = 4096
llama_model_loader: - kv   3:                     llama.embedding_length u32              = 4096
llama_model_loader: - kv   4:                          llama.block_count u32              = 32
llama_model_loader: - kv   5:                  llama.feed_forward_length u32              = 11008
llama_model_loader: - kv   6:                 llama.rope.dimension_count u32              = 128
llama_model_loader: - kv   7:                 llama.attention.head_count u32              = 32
llama_model_loader: - kv   8:              llama.attention.head_count_kv u32              = 32
llama_model_loader: - kv   9:     llama.attention.layer_norm_rms_epsilon f32              = 0.000010
llama_model_loader: - kv  10:                          general.file_type u32              = 2
llama_model_loader: - kv  11:                       tokenizer.ggml.model str              = llama
llama_model_loader: - kv  12:                      tokenizer.ggml.tokens arr[str,32000]   = ["<unk>", "<s>", "</s>", "<0x00>", "<...
llama_model_loader: - kv  13:                      tokenizer.ggml.scores arr[f32,32000]   = [0.000000, 0.000000, 0.000000, 0.0000...
llama_model_loader: - kv  14:                  tokenizer.ggml.token_type arr[i32,32000]   = [2, 3, 3, 6, 6, 6, 6, 6, 6, 6, 6, 6, ...
llama_model_loader: - kv  15:                      tokenizer.ggml.merges arr[str,61249]   = ["▁ t", "e r", "i n", "▁ a", "e n...
llama_model_loader: - kv  16:                tokenizer.ggml.bos_token_id u32              = 1
llama_model_loader: - kv  17:                tokenizer.ggml.eos_token_id u32              = 2
llama_model_loader: - kv  18:            tokenizer.ggml.unknown_token_id u32              = 0
llama_model_loader: - kv  19:               tokenizer.ggml.add_bos_token bool             = true
llama_model_loader: - kv  20:               tokenizer.ggml.add_eos_token bool             = false
llama_model_loader: - kv  21:                    tokenizer.chat_template str              = {% if messages[0]['role'] == 'system'...
llama_model_loader: - kv  22:               general.quantization_version u32              = 2
llama_model_loader: - type  f32:   65 tensors
llama_model_loader: - type q4_0:  225 tensors
llama_model_loader: - type q6_K:    1 tensors
print_info: file format = GGUF V3 (latest)
print_info: file type   = Q4_0
print_info: file size   = 3.56 GiB (4.54 BPW) 
load: special_eos_id is not in special_eog_ids - the tokenizer config may be incorrect
load: printing all EOG tokens:
load:   - 2 ('</s>')
load: special tokens cache size = 3
load: token to piece cache size = 0.1684 MB
print_info: arch             = llama
print_info: vocab_only       = 1
print_info: model type       = ?B
print_info: model params     = 6.74 B
print_info: general.name     = LLaMA v2
print_info: vocab type       = SPM
print_info: n_vocab          = 32000
print_info: n_merges         = 0
print_info: BOS token        = 1 '<s>'
print_info: EOS token        = 2 '</s>'
print_info: UNK token        = 0 '<unk>'
print_info: LF token         = 13 '<0x0A>'
print_info: EOG token        = 2 '</s>'
print_info: max token length = 48
llama_model_load: vocab only - skipping tensors
time=2025-11-10T18:02:15.776Z level=INFO source=server.go:400 msg="starting runner" cmd="/usr/local/bin/ollama runner --model /home/codespace/.ollama/models/blobs/sha256-8934d96d3f08982e95922b2b7a2c626a1fe873d7c3b06e8e56d7bc0a1fef9246 --port 38189"
time=2025-11-10T18:02:15.777Z level=INFO source=server.go:470 msg="system memory" total="7.8 GiB" free="2.7 GiB" free_swap="0 B"
time=2025-11-10T18:02:15.777Z level=INFO source=server.go:474 msg="model requires more memory than is currently available, evicting a model to make space" estimate.library="" estimate.layers.requested=0 estimate.layers.model=0 estimate.layers.offload=0 estimate.layers.split=[] estimate.memory.available=[] estimate.memory.gpu_overhead="0 B" estimate.memory.required.full="0 B" estimate.memory.required.partial="0 B" estimate.memory.required.kv="0 B" estimate.memory.required.allocations=[] estimate.memory.weights.total="0 B" estimate.memory.weights.repeating="0 B" estimate.memory.weights.nonrepeating="0 B" estimate.memory.graph.full="0 B" estimate.memory.graph.partial="0 B"
time=2025-11-10T18:02:15.777Z level=INFO source=sched.go:445 msg="model is too large for system memory" requireFull=false
[GIN] 2025/11/10 - 18:02:15 | 500 |   415.97602ms |       127.0.0.1 | POST     "/api/generate"
llama_model_loader: loaded meta data with 23 key-value pairs and 291 tensors from /home/codespace/.ollama/models/blobs/sha256-8934d96d3f08982e95922b2b7a2c626a1fe873d7c3b06e8e56d7bc0a1fef9246 (version GGUF V3 (latest))
llama_model_loader: Dumping metadata keys/values. Note: KV overrides do not apply in this output.
llama_model_loader: - kv   0:                       general.architecture str              = llama
llama_model_loader: - kv   1:                               general.name str              = LLaMA v2
llama_model_loader: - kv   2:                       llama.context_length u32              = 4096
llama_model_loader: - kv   3:                     llama.embedding_length u32              = 4096
llama_model_loader: - kv   4:                          llama.block_count u32              = 32
llama_model_loader: - kv   5:                  llama.feed_forward_length u32              = 11008
llama_model_loader: - kv   6:                 llama.rope.dimension_count u32              = 128
llama_model_loader: - kv   7:                 llama.attention.head_count u32              = 32
llama_model_loader: - kv   8:              llama.attention.head_count_kv u32              = 32
llama_model_loader: - kv   9:     llama.attention.layer_norm_rms_epsilon f32              = 0.000010
llama_model_loader: - kv  10:                          general.file_type u32              = 2
llama_model_loader: - kv  11:                       tokenizer.ggml.model str              = llama
llama_model_loader: - kv  12:                      tokenizer.ggml.tokens arr[str,32000]   = ["<unk>", "<s>", "</s>", "<0x00>", "<...
llama_model_loader: - kv  13:                      tokenizer.ggml.scores arr[f32,32000]   = [0.000000, 0.000000, 0.000000, 0.0000...
llama_model_loader: - kv  14:                  tokenizer.ggml.token_type arr[i32,32000]   = [2, 3, 3, 6, 6, 6, 6, 6, 6, 6, 6, 6, ...
llama_model_loader: - kv  15:                      tokenizer.ggml.merges arr[str,61249]   = ["▁ t", "e r", "i n", "▁ a", "e n...
llama_model_loader: - kv  16:                tokenizer.ggml.bos_token_id u32              = 1
llama_model_loader: - kv  17:                tokenizer.ggml.eos_token_id u32              = 2
llama_model_loader: - kv  18:            tokenizer.ggml.unknown_token_id u32              = 0
llama_model_loader: - kv  19:               tokenizer.ggml.add_bos_token bool             = true
llama_model_loader: - kv  20:               tokenizer.ggml.add_eos_token bool             = false
llama_model_loader: - kv  21:                    tokenizer.chat_template str              = {% if messages[0]['role'] == 'system'...
llama_model_loader: - kv  22:               general.quantization_version u32              = 2
llama_model_loader: - type  f32:   65 tensors
llama_model_loader: - type q4_0:  225 tensors
llama_model_loader: - type q6_K:    1 tensors
print_info: file format = GGUF V3 (latest)
print_info: file type   = Q4_0
print_info: file size   = 3.56 GiB (4.54 BPW) 
load: special_eos_id is not in special_eog_ids - the tokenizer config may be incorrect
load: printing all EOG tokens:
load:   - 2 ('</s>')
load: special tokens cache size = 3
load: token to piece cache size = 0.1684 MB
print_info: arch             = llama
print_info: vocab_only       = 1
print_info: model type       = ?B
print_info: model params     = 6.74 B
print_info: general.name     = LLaMA v2
print_info: vocab type       = SPM
print_info: n_vocab          = 32000
print_info: n_merges         = 0
print_info: BOS token        = 1 '<s>'
print_info: EOS token        = 2 '</s>'
print_info: UNK token        = 0 '<unk>'
print_info: LF token         = 13 '<0x0A>'
print_info: EOG token        = 2 '</s>'
print_info: max token length = 48
llama_model_load: vocab only - skipping tensors
time=2025-11-10T18:02:15.846Z level=INFO source=server.go:400 msg="starting runner" cmd="/usr/local/bin/ollama runner --model /home/codespace/.ollama/models/blobs/sha256-8934d96d3f08982e95922b2b7a2c626a1fe873d7c3b06e8e56d7bc0a1fef9246 --port 45853"
time=2025-11-10T18:02:15.848Z level=INFO source=server.go:470 msg="system memory" total="7.8 GiB" free="2.7 GiB" free_swap="0 B"
time=2025-11-10T18:02:15.849Z level=INFO source=server.go:474 msg="model requires more memory than is currently available, evicting a model to make space" estimate.library="" estimate.layers.requested=0 estimate.layers.model=0 estimate.layers.offload=0 estimate.layers.split=[] estimate.memory.available=[] estimate.memory.gpu_overhead="0 B" estimate.memory.required.full="0 B" estimate.memory.required.partial="0 B" estimate.memory.required.kv="0 B" estimate.memory.required.allocations=[] estimate.memory.weights.total="0 B" estimate.memory.weights.repeating="0 B" estimate.memory.weights.nonrepeating="0 B" estimate.memory.graph.full="0 B" estimate.memory.graph.partial="0 B"
time=2025-11-10T18:02:15.849Z level=INFO source=sched.go:445 msg="model is too large for system memory" requireFull=false
[GIN] 2025/11/10 - 18:02:15 | 500 |  225.377929ms |       127.0.0.1 | POST     "/api/generate"
llama_model_loader: loaded meta data with 23 key-value pairs and 291 tensors from /home/codespace/.ollama/models/blobs/sha256-8934d96d3f08982e95922b2b7a2c626a1fe873d7c3b06e8e56d7bc0a1fef9246 (version GGUF V3 (latest))
llama_model_loader: Dumping metadata keys/values. Note: KV overrides do not apply in this output.
llama_model_loader: - kv   0:                       general.architecture str              = llama
llama_model_loader: - kv   1:                               general.name str              = LLaMA v2
llama_model_loader: - kv   2:                       llama.context_length u32              = 4096
llama_model_loader: - kv   3:                     llama.embedding_length u32              = 4096
llama_model_loader: - kv   4:                          llama.block_count u32              = 32
llama_model_loader: - kv   5:                  llama.feed_forward_length u32              = 11008
llama_model_loader: - kv   6:                 llama.rope.dimension_count u32              = 128
llama_model_loader: - kv   7:                 llama.attention.head_count u32              = 32
llama_model_loader: - kv   8:              llama.attention.head_count_kv u32              = 32
llama_model_loader: - kv   9:     llama.attention.layer_norm_rms_epsilon f32              = 0.000010
llama_model_loader: - kv  10:                          general.file_type u32              = 2
llama_model_loader: - kv  11:                       tokenizer.ggml.model str              = llama
llama_model_loader: - kv  12:                      tokenizer.ggml.tokens arr[str,32000]   = ["<unk>", "<s>", "</s>", "<0x00>", "<...
llama_model_loader: - kv  13:                      tokenizer.ggml.scores arr[f32,32000]   = [0.000000, 0.000000, 0.000000, 0.0000...
llama_model_loader: - kv  14:                  tokenizer.ggml.token_type arr[i32,32000]   = [2, 3, 3, 6, 6, 6, 6, 6, 6, 6, 6, 6, ...
llama_model_loader: - kv  15:                      tokenizer.ggml.merges arr[str,61249]   = ["▁ t", "e r", "i n", "▁ a", "e n...
llama_model_loader: - kv  16:                tokenizer.ggml.bos_token_id u32              = 1
llama_model_loader: - kv  17:                tokenizer.ggml.eos_token_id u32              = 2
llama_model_loader: - kv  18:            tokenizer.ggml.unknown_token_id u32              = 0
llama_model_loader: - kv  19:               tokenizer.ggml.add_bos_token bool             = true
llama_model_loader: - kv  20:               tokenizer.ggml.add_eos_token bool             = false
llama_model_loader: - kv  21:                    tokenizer.chat_template str              = {% if messages[0]['role'] == 'system'...
llama_model_loader: - kv  22:               general.quantization_version u32              = 2
llama_model_loader: - type  f32:   65 tensors
llama_model_loader: - type q4_0:  225 tensors
llama_model_loader: - type q6_K:    1 tensors
print_info: file format = GGUF V3 (latest)
print_info: file type   = Q4_0
print_info: file size   = 3.56 GiB (4.54 BPW) 
load: special_eos_id is not in special_eog_ids - the tokenizer config may be incorrect
load: printing all EOG tokens:
load:   - 2 ('</s>')
load: special tokens cache size = 3
load: token to piece cache size = 0.1684 MB
print_info: arch             = llama
print_info: vocab_only       = 1
print_info: model type       = ?B
print_info: model params     = 6.74 B
print_info: general.name     = LLaMA v2
print_info: vocab type       = SPM
print_info: n_vocab          = 32000
print_info: n_merges         = 0
print_info: BOS token        = 1 '<s>'
print_info: EOS token        = 2 '</s>'
print_info: UNK token        = 0 '<unk>'
print_info: LF token         = 13 '<0x0A>'
print_info: EOG token        = 2 '</s>'
print_info: max token length = 48
llama_model_load: vocab only - skipping tensors
time=2025-11-10T18:25:53.303Z level=INFO source=server.go:400 msg="starting runner" cmd="/usr/local/bin/ollama runner --model /home/codespace/.ollama/models/blobs/sha256-8934d96d3f08982e95922b2b7a2c626a1fe873d7c3b06e8e56d7bc0a1fef9246 --port 42933"
time=2025-11-10T18:25:53.304Z level=INFO source=server.go:470 msg="system memory" total="7.8 GiB" free="2.4 GiB" free_swap="0 B"
time=2025-11-10T18:25:53.304Z level=INFO source=server.go:474 msg="model requires more memory than is currently available, evicting a model to make space" estimate.library="" estimate.layers.requested=0 estimate.layers.model=0 estimate.layers.offload=0 estimate.layers.split=[] estimate.memory.available=[] estimate.memory.gpu_overhead="0 B" estimate.memory.required.full="0 B" estimate.memory.required.partial="0 B" estimate.memory.required.kv="0 B" estimate.memory.required.allocations=[] estimate.memory.weights.total="0 B" estimate.memory.weights.repeating="0 B" estimate.memory.weights.nonrepeating="0 B" estimate.memory.graph.full="0 B" estimate.memory.graph.partial="0 B"
time=2025-11-10T18:25:53.304Z level=INFO source=sched.go:445 msg="model is too large for system memory" requireFull=false
[GIN] 2025/11/10 - 18:25:53 | 500 |  173.150045ms |       127.0.0.1 | POST     "/api/generate"
llama_model_loader: loaded meta data with 23 key-value pairs and 291 tensors from /home/codespace/.ollama/models/blobs/sha256-8934d96d3f08982e95922b2b7a2c626a1fe873d7c3b06e8e56d7bc0a1fef9246 (version GGUF V3 (latest))
llama_model_loader: Dumping metadata keys/values. Note: KV overrides do not apply in this output.
llama_model_loader: - kv   0:                       general.architecture str              = llama
llama_model_loader: - kv   1:                               general.name str              = LLaMA v2
llama_model_loader: - kv   2:                       llama.context_length u32              = 4096
llama_model_loader: - kv   3:                     llama.embedding_length u32              = 4096
llama_model_loader: - kv   4:                          llama.block_count u32              = 32
llama_model_loader: - kv   5:                  llama.feed_forward_length u32              = 11008
llama_model_loader: - kv   6:                 llama.rope.dimension_count u32              = 128
llama_model_loader: - kv   7:                 llama.attention.head_count u32              = 32
llama_model_loader: - kv   8:              llama.attention.head_count_kv u32              = 32
llama_model_loader: - kv   9:     llama.attention.layer_norm_rms_epsilon f32              = 0.000010
llama_model_loader: - kv  10:                          general.file_type u32              = 2
llama_model_loader: - kv  11:                       tokenizer.ggml.model str              = llama
llama_model_loader: - kv  12:                      tokenizer.ggml.tokens arr[str,32000]   = ["<unk>", "<s>", "</s>", "<0x00>", "<...
llama_model_loader: - kv  13:                      tokenizer.ggml.scores arr[f32,32000]   = [0.000000, 0.000000, 0.000000, 0.0000...
llama_model_loader: - kv  14:                  tokenizer.ggml.token_type arr[i32,32000]   = [2, 3, 3, 6, 6, 6, 6, 6, 6, 6, 6, 6, ...
llama_model_loader: - kv  15:                      tokenizer.ggml.merges arr[str,61249]   = ["▁ t", "e r", "i n", "▁ a", "e n...
llama_model_loader: - kv  16:                tokenizer.ggml.bos_token_id u32              = 1
llama_model_loader: - kv  17:                tokenizer.ggml.eos_token_id u32              = 2
llama_model_loader: - kv  18:            tokenizer.ggml.unknown_token_id u32              = 0
llama_model_loader: - kv  19:               tokenizer.ggml.add_bos_token bool             = true
llama_model_loader: - kv  20:               tokenizer.ggml.add_eos_token bool             = false
llama_model_loader: - kv  21:                    tokenizer.chat_template str              = {% if messages[0]['role'] == 'system'...
llama_model_loader: - kv  22:               general.quantization_version u32              = 2
llama_model_loader: - type  f32:   65 tensors
llama_model_loader: - type q4_0:  225 tensors
llama_model_loader: - type q6_K:    1 tensors
print_info: file format = GGUF V3 (latest)
print_info: file type   = Q4_0
print_info: file size   = 3.56 GiB (4.54 BPW) 
load: special_eos_id is not in special_eog_ids - the tokenizer config may be incorrect
load: printing all EOG tokens:
load:   - 2 ('</s>')
load: special tokens cache size = 3
load: token to piece cache size = 0.1684 MB
print_info: arch             = llama
print_info: vocab_only       = 1
print_info: model type       = ?B
print_info: model params     = 6.74 B
print_info: general.name     = LLaMA v2
print_info: vocab type       = SPM
print_info: n_vocab          = 32000
print_info: n_merges         = 0
print_info: BOS token        = 1 '<s>'
print_info: EOS token        = 2 '</s>'
print_info: UNK token        = 0 '<unk>'
print_info: LF token         = 13 '<0x0A>'
print_info: EOG token        = 2 '</s>'
print_info: max token length = 48
llama_model_load: vocab only - skipping tensors
time=2025-11-10T18:25:53.449Z level=INFO source=server.go:400 msg="starting runner" cmd="/usr/local/bin/ollama runner --model /home/codespace/.ollama/models/blobs/sha256-8934d96d3f08982e95922b2b7a2c626a1fe873d7c3b06e8e56d7bc0a1fef9246 --port 43233"
time=2025-11-10T18:25:53.450Z level=INFO source=server.go:470 msg="system memory" total="7.8 GiB" free="2.4 GiB" free_swap="0 B"
time=2025-11-10T18:25:53.451Z level=INFO source=server.go:474 msg="model requires more memory than is currently available, evicting a model to make space" estimate.library="" estimate.layers.requested=0 estimate.layers.model=0 estimate.layers.offload=0 estimate.layers.split=[] estimate.memory.available=[] estimate.memory.gpu_overhead="0 B" estimate.memory.required.full="0 B" estimate.memory.required.partial="0 B" estimate.memory.required.kv="0 B" estimate.memory.required.allocations=[] estimate.memory.weights.total="0 B" estimate.memory.weights.repeating="0 B" estimate.memory.weights.nonrepeating="0 B" estimate.memory.graph.full="0 B" estimate.memory.graph.partial="0 B"
time=2025-11-10T18:25:53.452Z level=INFO source=sched.go:445 msg="model is too large for system memory" requireFull=false
[GIN] 2025/11/10 - 18:25:53 | 500 |  321.882934ms |       127.0.0.1 | POST     "/api/generate"
llama_model_loader: loaded meta data with 23 key-value pairs and 291 tensors from /home/codespace/.ollama/models/blobs/sha256-8934d96d3f08982e95922b2b7a2c626a1fe873d7c3b06e8e56d7bc0a1fef9246 (version GGUF V3 (latest))
llama_model_loader: Dumping metadata keys/values. Note: KV overrides do not apply in this output.
llama_model_loader: - kv   0:                       general.architecture str              = llama
llama_model_loader: - kv   1:                               general.name str              = LLaMA v2
llama_model_loader: - kv   2:                       llama.context_length u32              = 4096
llama_model_loader: - kv   3:                     llama.embedding_length u32              = 4096
llama_model_loader: - kv   4:                          llama.block_count u32              = 32
llama_model_loader: - kv   5:                  llama.feed_forward_length u32              = 11008
llama_model_loader: - kv   6:                 llama.rope.dimension_count u32              = 128
llama_model_loader: - kv   7:                 llama.attention.head_count u32              = 32
llama_model_loader: - kv   8:              llama.attention.head_count_kv u32              = 32
llama_model_loader: - kv   9:     llama.attention.layer_norm_rms_epsilon f32              = 0.000010
llama_model_loader: - kv  10:                          general.file_type u32              = 2
llama_model_loader: - kv  11:                       tokenizer.ggml.model str              = llama
llama_model_loader: - kv  12:                      tokenizer.ggml.tokens arr[str,32000]   = ["<unk>", "<s>", "</s>", "<0x00>", "<...
llama_model_loader: - kv  13:                      tokenizer.ggml.scores arr[f32,32000]   = [0.000000, 0.000000, 0.000000, 0.0000...
llama_model_loader: - kv  14:                  tokenizer.ggml.token_type arr[i32,32000]   = [2, 3, 3, 6, 6, 6, 6, 6, 6, 6, 6, 6, ...
llama_model_loader: - kv  15:                      tokenizer.ggml.merges arr[str,61249]   = ["▁ t", "e r", "i n", "▁ a", "e n...
llama_model_loader: - kv  16:                tokenizer.ggml.bos_token_id u32              = 1
llama_model_loader: - kv  17:                tokenizer.ggml.eos_token_id u32              = 2
llama_model_loader: - kv  18:            tokenizer.ggml.unknown_token_id u32              = 0
llama_model_loader: - kv  19:               tokenizer.ggml.add_bos_token bool             = true
llama_model_loader: - kv  20:               tokenizer.ggml.add_eos_token bool             = false
llama_model_loader: - kv  21:                    tokenizer.chat_template str              = {% if messages[0]['role'] == 'system'...
llama_model_loader: - kv  22:               general.quantization_version u32              = 2
llama_model_loader: - type  f32:   65 tensors
llama_model_loader: - type q4_0:  225 tensors
llama_model_loader: - type q6_K:    1 tensors
print_info: file format = GGUF V3 (latest)
print_info: file type   = Q4_0
print_info: file size   = 3.56 GiB (4.54 BPW) 
load: special_eos_id is not in special_eog_ids - the tokenizer config may be incorrect
load: printing all EOG tokens:
load:   - 2 ('</s>')
load: special tokens cache size = 3
load: token to piece cache size = 0.1684 MB
print_info: arch             = llama
print_info: vocab_only       = 1
print_info: model type       = ?B
print_info: model params     = 6.74 B
print_info: general.name     = LLaMA v2
print_info: vocab type       = SPM
print_info: n_vocab          = 32000
print_info: n_merges         = 0
print_info: BOS token        = 1 '<s>'
print_info: EOS token        = 2 '</s>'
print_info: UNK token        = 0 '<unk>'
print_info: LF token         = 13 '<0x0A>'
print_info: EOG token        = 2 '</s>'
print_info: max token length = 48
llama_model_load: vocab only - skipping tensors
time=2025-11-10T18:25:53.530Z level=INFO source=server.go:400 msg="starting runner" cmd="/usr/local/bin/ollama runner --model /home/codespace/.ollama/models/blobs/sha256-8934d96d3f08982e95922b2b7a2c626a1fe873d7c3b06e8e56d7bc0a1fef9246 --port 43693"
time=2025-11-10T18:25:53.531Z level=INFO source=server.go:470 msg="system memory" total="7.8 GiB" free="2.4 GiB" free_swap="0 B"
time=2025-11-10T18:25:53.531Z level=INFO source=server.go:474 msg="model requires more memory than is currently available, evicting a model to make space" estimate.library="" estimate.layers.requested=0 estimate.layers.model=0 estimate.layers.offload=0 estimate.layers.split=[] estimate.memory.available=[] estimate.memory.gpu_overhead="0 B" estimate.memory.required.full="0 B" estimate.memory.required.partial="0 B" estimate.memory.required.kv="0 B" estimate.memory.required.allocations=[] estimate.memory.weights.total="0 B" estimate.memory.weights.repeating="0 B" estimate.memory.weights.nonrepeating="0 B" estimate.memory.graph.full="0 B" estimate.memory.graph.partial="0 B"
time=2025-11-10T18:25:53.531Z level=INFO source=sched.go:445 msg="model is too large for system memory" requireFull=false
[GIN] 2025/11/10 - 18:25:53 | 500 |  183.674531ms |       127.0.0.1 | POST     "/api/generate"
llama_model_loader: loaded meta data with 23 key-value pairs and 291 tensors from /home/codespace/.ollama/models/blobs/sha256-8934d96d3f08982e95922b2b7a2c626a1fe873d7c3b06e8e56d7bc0a1fef9246 (version GGUF V3 (latest))
llama_model_loader: Dumping metadata keys/values. Note: KV overrides do not apply in this output.
llama_model_loader: - kv   0:                       general.architecture str              = llama
llama_model_loader: - kv   1:                               general.name str              = LLaMA v2
llama_model_loader: - kv   2:                       llama.context_length u32              = 4096
llama_model_loader: - kv   3:                     llama.embedding_length u32              = 4096
llama_model_loader: - kv   4:                          llama.block_count u32              = 32
llama_model_loader: - kv   5:                  llama.feed_forward_length u32              = 11008
llama_model_loader: - kv   6:                 llama.rope.dimension_count u32              = 128
llama_model_loader: - kv   7:                 llama.attention.head_count u32              = 32
llama_model_loader: - kv   8:              llama.attention.head_count_kv u32              = 32
llama_model_loader: - kv   9:     llama.attention.layer_norm_rms_epsilon f32              = 0.000010
llama_model_loader: - kv  10:                          general.file_type u32              = 2
llama_model_loader: - kv  11:                       tokenizer.ggml.model str              = llama
llama_model_loader: - kv  12:                      tokenizer.ggml.tokens arr[str,32000]   = ["<unk>", "<s>", "</s>", "<0x00>", "<...
llama_model_loader: - kv  13:                      tokenizer.ggml.scores arr[f32,32000]   = [0.000000, 0.000000, 0.000000, 0.0000...
llama_model_loader: - kv  14:                  tokenizer.ggml.token_type arr[i32,32000]   = [2, 3, 3, 6, 6, 6, 6, 6, 6, 6, 6, 6, ...
llama_model_loader: - kv  15:                      tokenizer.ggml.merges arr[str,61249]   = ["▁ t", "e r", "i n", "▁ a", "e n...
llama_model_loader: - kv  16:                tokenizer.ggml.bos_token_id u32              = 1
llama_model_loader: - kv  17:                tokenizer.ggml.eos_token_id u32              = 2
llama_model_loader: - kv  18:            tokenizer.ggml.unknown_token_id u32              = 0
llama_model_loader: - kv  19:               tokenizer.ggml.add_bos_token bool             = true
llama_model_loader: - kv  20:               tokenizer.ggml.add_eos_token bool             = false
llama_model_loader: - kv  21:                    tokenizer.chat_template str              = {% if messages[0]['role'] == 'system'...
llama_model_loader: - kv  22:               general.quantization_version u32              = 2
llama_model_loader: - type  f32:   65 tensors
llama_model_loader: - type q4_0:  225 tensors
llama_model_loader: - type q6_K:    1 tensors
print_info: file format = GGUF V3 (latest)
print_info: file type   = Q4_0
print_info: file size   = 3.56 GiB (4.54 BPW) 
load: special_eos_id is not in special_eog_ids - the tokenizer config may be incorrect
load: printing all EOG tokens:
load:   - 2 ('</s>')
load: special tokens cache size = 3
load: token to piece cache size = 0.1684 MB
print_info: arch             = llama
print_info: vocab_only       = 1
print_info: model type       = ?B
print_info: model params     = 6.74 B
print_info: general.name     = LLaMA v2
print_info: vocab type       = SPM
print_info: n_vocab          = 32000
print_info: n_merges         = 0
print_info: BOS token        = 1 '<s>'
print_info: EOS token        = 2 '</s>'
print_info: UNK token        = 0 '<unk>'
print_info: LF token         = 13 '<0x0A>'
print_info: EOG token        = 2 '</s>'
print_info: max token length = 48
llama_model_load: vocab only - skipping tensors
time=2025-11-10T18:26:22.772Z level=INFO source=server.go:400 msg="starting runner" cmd="/usr/local/bin/ollama runner --model /home/codespace/.ollama/models/blobs/sha256-8934d96d3f08982e95922b2b7a2c626a1fe873d7c3b06e8e56d7bc0a1fef9246 --port 39447"
time=2025-11-10T18:26:22.772Z level=INFO source=server.go:470 msg="system memory" total="7.8 GiB" free="2.5 GiB" free_swap="0 B"
time=2025-11-10T18:26:22.772Z level=INFO source=server.go:474 msg="model requires more memory than is currently available, evicting a model to make space" estimate.library="" estimate.layers.requested=0 estimate.layers.model=0 estimate.layers.offload=0 estimate.layers.split=[] estimate.memory.available=[] estimate.memory.gpu_overhead="0 B" estimate.memory.required.full="0 B" estimate.memory.required.partial="0 B" estimate.memory.required.kv="0 B" estimate.memory.required.allocations=[] estimate.memory.weights.total="0 B" estimate.memory.weights.repeating="0 B" estimate.memory.weights.nonrepeating="0 B" estimate.memory.graph.full="0 B" estimate.memory.graph.partial="0 B"
time=2025-11-10T18:26:22.772Z level=INFO source=sched.go:445 msg="model is too large for system memory" requireFull=false
[GIN] 2025/11/10 - 18:26:22 | 500 |  234.651759ms |       127.0.0.1 | POST     "/api/generate"
llama_model_loader: loaded meta data with 23 key-value pairs and 291 tensors from /home/codespace/.ollama/models/blobs/sha256-8934d96d3f08982e95922b2b7a2c626a1fe873d7c3b06e8e56d7bc0a1fef9246 (version GGUF V3 (latest))
llama_model_loader: Dumping metadata keys/values. Note: KV overrides do not apply in this output.
llama_model_loader: - kv   0:                       general.architecture str              = llama
llama_model_loader: - kv   1:                               general.name str              = LLaMA v2
llama_model_loader: - kv   2:                       llama.context_length u32              = 4096
llama_model_loader: - kv   3:                     llama.embedding_length u32              = 4096
llama_model_loader: - kv   4:                          llama.block_count u32              = 32
llama_model_loader: - kv   5:                  llama.feed_forward_length u32              = 11008
llama_model_loader: - kv   6:                 llama.rope.dimension_count u32              = 128
llama_model_loader: - kv   7:                 llama.attention.head_count u32              = 32
llama_model_loader: - kv   8:              llama.attention.head_count_kv u32              = 32
llama_model_loader: - kv   9:     llama.attention.layer_norm_rms_epsilon f32              = 0.000010
llama_model_loader: - kv  10:                          general.file_type u32              = 2
llama_model_loader: - kv  11:                       tokenizer.ggml.model str              = llama
llama_model_loader: - kv  12:                      tokenizer.ggml.tokens arr[str,32000]   = ["<unk>", "<s>", "</s>", "<0x00>", "<...
llama_model_loader: - kv  13:                      tokenizer.ggml.scores arr[f32,32000]   = [0.000000, 0.000000, 0.000000, 0.0000...
llama_model_loader: - kv  14:                  tokenizer.ggml.token_type arr[i32,32000]   = [2, 3, 3, 6, 6, 6, 6, 6, 6, 6, 6, 6, ...
llama_model_loader: - kv  15:                      tokenizer.ggml.merges arr[str,61249]   = ["▁ t", "e r", "i n", "▁ a", "e n...
llama_model_loader: - kv  16:                tokenizer.ggml.bos_token_id u32              = 1
llama_model_loader: - kv  17:                tokenizer.ggml.eos_token_id u32              = 2
llama_model_loader: - kv  18:            tokenizer.ggml.unknown_token_id u32              = 0
llama_model_loader: - kv  19:               tokenizer.ggml.add_bos_token bool             = true
llama_model_loader: - kv  20:               tokenizer.ggml.add_eos_token bool             = false
llama_model_loader: - kv  21:                    tokenizer.chat_template str              = {% if messages[0]['role'] == 'system'...
llama_model_loader: - kv  22:               general.quantization_version u32              = 2
llama_model_loader: - type  f32:   65 tensors
llama_model_loader: - type q4_0:  225 tensors
llama_model_loader: - type q6_K:    1 tensors
print_info: file format = GGUF V3 (latest)
print_info: file type   = Q4_0
print_info: file size   = 3.56 GiB (4.54 BPW) 
load: special_eos_id is not in special_eog_ids - the tokenizer config may be incorrect
load: printing all EOG tokens:
load:   - 2 ('</s>')
load: special tokens cache size = 3
load: token to piece cache size = 0.1684 MB
print_info: arch             = llama
print_info: vocab_only       = 1
print_info: model type       = ?B
print_info: model params     = 6.74 B
print_info: general.name     = LLaMA v2
print_info: vocab type       = SPM
print_info: n_vocab          = 32000
print_info: n_merges         = 0
print_info: BOS token        = 1 '<s>'
print_info: EOS token        = 2 '</s>'
print_info: UNK token        = 0 '<unk>'
print_info: LF token         = 13 '<0x0A>'
print_info: EOG token        = 2 '</s>'
print_info: max token length = 48
llama_model_load: vocab only - skipping tensors
time=2025-11-10T18:26:22.907Z level=INFO source=server.go:400 msg="starting runner" cmd="/usr/local/bin/ollama runner --model /home/codespace/.ollama/models/blobs/sha256-8934d96d3f08982e95922b2b7a2c626a1fe873d7c3b06e8e56d7bc0a1fef9246 --port 45411"
time=2025-11-10T18:26:22.907Z level=INFO source=server.go:470 msg="system memory" total="7.8 GiB" free="2.5 GiB" free_swap="0 B"
time=2025-11-10T18:26:22.908Z level=INFO source=server.go:474 msg="model requires more memory than is currently available, evicting a model to make space" estimate.library="" estimate.layers.requested=0 estimate.layers.model=0 estimate.layers.offload=0 estimate.layers.split=[] estimate.memory.available=[] estimate.memory.gpu_overhead="0 B" estimate.memory.required.full="0 B" estimate.memory.required.partial="0 B" estimate.memory.required.kv="0 B" estimate.memory.required.allocations=[] estimate.memory.weights.total="0 B" estimate.memory.weights.repeating="0 B" estimate.memory.weights.nonrepeating="0 B" estimate.memory.graph.full="0 B" estimate.memory.graph.partial="0 B"
time=2025-11-10T18:26:22.908Z level=INFO source=sched.go:445 msg="model is too large for system memory" requireFull=false
[GIN] 2025/11/10 - 18:26:22 | 500 |  370.645972ms |       127.0.0.1 | POST     "/api/generate"
llama_model_loader: loaded meta data with 23 key-value pairs and 291 tensors from /home/codespace/.ollama/models/blobs/sha256-8934d96d3f08982e95922b2b7a2c626a1fe873d7c3b06e8e56d7bc0a1fef9246 (version GGUF V3 (latest))
llama_model_loader: Dumping metadata keys/values. Note: KV overrides do not apply in this output.
llama_model_loader: - kv   0:                       general.architecture str              = llama
llama_model_loader: - kv   1:                               general.name str              = LLaMA v2
llama_model_loader: - kv   2:                       llama.context_length u32              = 4096
llama_model_loader: - kv   3:                     llama.embedding_length u32              = 4096
llama_model_loader: - kv   4:                          llama.block_count u32              = 32
llama_model_loader: - kv   5:                  llama.feed_forward_length u32              = 11008
llama_model_loader: - kv   6:                 llama.rope.dimension_count u32              = 128
llama_model_loader: - kv   7:                 llama.attention.head_count u32              = 32
llama_model_loader: - kv   8:              llama.attention.head_count_kv u32              = 32
llama_model_loader: - kv   9:     llama.attention.layer_norm_rms_epsilon f32              = 0.000010
llama_model_loader: - kv  10:                          general.file_type u32              = 2
llama_model_loader: - kv  11:                       tokenizer.ggml.model str              = llama
llama_model_loader: - kv  12:                      tokenizer.ggml.tokens arr[str,32000]   = ["<unk>", "<s>", "</s>", "<0x00>", "<...
llama_model_loader: - kv  13:                      tokenizer.ggml.scores arr[f32,32000]   = [0.000000, 0.000000, 0.000000, 0.0000...
llama_model_loader: - kv  14:                  tokenizer.ggml.token_type arr[i32,32000]   = [2, 3, 3, 6, 6, 6, 6, 6, 6, 6, 6, 6, ...
llama_model_loader: - kv  15:                      tokenizer.ggml.merges arr[str,61249]   = ["▁ t", "e r", "i n", "▁ a", "e n...
llama_model_loader: - kv  16:                tokenizer.ggml.bos_token_id u32              = 1
llama_model_loader: - kv  17:                tokenizer.ggml.eos_token_id u32              = 2
llama_model_loader: - kv  18:            tokenizer.ggml.unknown_token_id u32              = 0
llama_model_loader: - kv  19:               tokenizer.ggml.add_bos_token bool             = true
llama_model_loader: - kv  20:               tokenizer.ggml.add_eos_token bool             = false
llama_model_loader: - kv  21:                    tokenizer.chat_template str              = {% if messages[0]['role'] == 'system'...
llama_model_loader: - kv  22:               general.quantization_version u32              = 2
llama_model_loader: - type  f32:   65 tensors
llama_model_loader: - type q4_0:  225 tensors
llama_model_loader: - type q6_K:    1 tensors
print_info: file format = GGUF V3 (latest)
print_info: file type   = Q4_0
print_info: file size   = 3.56 GiB (4.54 BPW) 
load: special_eos_id is not in special_eog_ids - the tokenizer config may be incorrect
load: printing all EOG tokens:
load:   - 2 ('</s>')
load: special tokens cache size = 3
load: token to piece cache size = 0.1684 MB
print_info: arch             = llama
print_info: vocab_only       = 1
print_info: model type       = ?B
print_info: model params     = 6.74 B
print_info: general.name     = LLaMA v2
print_info: vocab type       = SPM
print_info: n_vocab          = 32000
print_info: n_merges         = 0
print_info: BOS token        = 1 '<s>'
print_info: EOS token        = 2 '</s>'
print_info: UNK token        = 0 '<unk>'
print_info: LF token         = 13 '<0x0A>'
print_info: EOG token        = 2 '</s>'
print_info: max token length = 48
llama_model_load: vocab only - skipping tensors
time=2025-11-10T18:26:22.993Z level=INFO source=server.go:400 msg="starting runner" cmd="/usr/local/bin/ollama runner --model /home/codespace/.ollama/models/blobs/sha256-8934d96d3f08982e95922b2b7a2c626a1fe873d7c3b06e8e56d7bc0a1fef9246 --port 44415"
time=2025-11-10T18:26:22.993Z level=INFO source=server.go:470 msg="system memory" total="7.8 GiB" free="2.5 GiB" free_swap="0 B"
time=2025-11-10T18:26:22.994Z level=INFO source=server.go:474 msg="model requires more memory than is currently available, evicting a model to make space" estimate.library="" estimate.layers.requested=0 estimate.layers.model=0 estimate.layers.offload=0 estimate.layers.split=[] estimate.memory.available=[] estimate.memory.gpu_overhead="0 B" estimate.memory.required.full="0 B" estimate.memory.required.partial="0 B" estimate.memory.required.kv="0 B" estimate.memory.required.allocations=[] estimate.memory.weights.total="0 B" estimate.memory.weights.repeating="0 B" estimate.memory.weights.nonrepeating="0 B" estimate.memory.graph.full="0 B" estimate.memory.graph.partial="0 B"
time=2025-11-10T18:26:22.994Z level=INFO source=sched.go:445 msg="model is too large for system memory" requireFull=false
[GIN] 2025/11/10 - 18:26:22 | 500 |  195.275709ms |       127.0.0.1 | POST     "/api/generate"
llama_model_loader: loaded meta data with 23 key-value pairs and 291 tensors from /home/codespace/.ollama/models/blobs/sha256-8934d96d3f08982e95922b2b7a2c626a1fe873d7c3b06e8e56d7bc0a1fef9246 (version GGUF V3 (latest))
llama_model_loader: Dumping metadata keys/values. Note: KV overrides do not apply in this output.
llama_model_loader: - kv   0:                       general.architecture str              = llama
llama_model_loader: - kv   1:                               general.name str              = LLaMA v2
llama_model_loader: - kv   2:                       llama.context_length u32              = 4096
llama_model_loader: - kv   3:                     llama.embedding_length u32              = 4096
llama_model_loader: - kv   4:                          llama.block_count u32              = 32
llama_model_loader: - kv   5:                  llama.feed_forward_length u32              = 11008
llama_model_loader: - kv   6:                 llama.rope.dimension_count u32              = 128
llama_model_loader: - kv   7:                 llama.attention.head_count u32              = 32
llama_model_loader: - kv   8:              llama.attention.head_count_kv u32              = 32
llama_model_loader: - kv   9:     llama.attention.layer_norm_rms_epsilon f32              = 0.000010
llama_model_loader: - kv  10:                          general.file_type u32              = 2
llama_model_loader: - kv  11:                       tokenizer.ggml.model str              = llama
llama_model_loader: - kv  12:                      tokenizer.ggml.tokens arr[str,32000]   = ["<unk>", "<s>", "</s>", "<0x00>", "<...
llama_model_loader: - kv  13:                      tokenizer.ggml.scores arr[f32,32000]   = [0.000000, 0.000000, 0.000000, 0.0000...
llama_model_loader: - kv  14:                  tokenizer.ggml.token_type arr[i32,32000]   = [2, 3, 3, 6, 6, 6, 6, 6, 6, 6, 6, 6, ...
llama_model_loader: - kv  15:                      tokenizer.ggml.merges arr[str,61249]   = ["▁ t", "e r", "i n", "▁ a", "e n...
llama_model_loader: - kv  16:                tokenizer.ggml.bos_token_id u32              = 1
llama_model_loader: - kv  17:                tokenizer.ggml.eos_token_id u32              = 2
llama_model_loader: - kv  18:            tokenizer.ggml.unknown_token_id u32              = 0
llama_model_loader: - kv  19:               tokenizer.ggml.add_bos_token bool             = true
llama_model_loader: - kv  20:               tokenizer.ggml.add_eos_token bool             = false
llama_model_loader: - kv  21:                    tokenizer.chat_template str              = {% if messages[0]['role'] == 'system'...
llama_model_loader: - kv  22:               general.quantization_version u32              = 2
llama_model_loader: - type  f32:   65 tensors
llama_model_loader: - type q4_0:  225 tensors
llama_model_loader: - type q6_K:    1 tensors
print_info: file format = GGUF V3 (latest)
print_info: file type   = Q4_0
print_info: file size   = 3.56 GiB (4.54 BPW) 
load: special_eos_id is not in special_eog_ids - the tokenizer config may be incorrect
load: printing all EOG tokens:
load:   - 2 ('</s>')
load: special tokens cache size = 3
load: token to piece cache size = 0.1684 MB
print_info: arch             = llama
print_info: vocab_only       = 1
print_info: model type       = ?B
print_info: model params     = 6.74 B
print_info: general.name     = LLaMA v2
print_info: vocab type       = SPM
print_info: n_vocab          = 32000
print_info: n_merges         = 0
print_info: BOS token        = 1 '<s>'
print_info: EOS token        = 2 '</s>'
print_info: UNK token        = 0 '<unk>'
print_info: LF token         = 13 '<0x0A>'
print_info: EOG token        = 2 '</s>'
print_info: max token length = 48
llama_model_load: vocab only - skipping tensors
time=2025-11-10T18:28:17.756Z level=INFO source=server.go:400 msg="starting runner" cmd="/usr/local/bin/ollama runner --model /home/codespace/.ollama/models/blobs/sha256-8934d96d3f08982e95922b2b7a2c626a1fe873d7c3b06e8e56d7bc0a1fef9246 --port 35195"
time=2025-11-10T18:28:17.756Z level=INFO source=server.go:470 msg="system memory" total="7.8 GiB" free="2.4 GiB" free_swap="0 B"
time=2025-11-10T18:28:17.757Z level=INFO source=server.go:474 msg="model requires more memory than is currently available, evicting a model to make space" estimate.library="" estimate.layers.requested=0 estimate.layers.model=0 estimate.layers.offload=0 estimate.layers.split=[] estimate.memory.available=[] estimate.memory.gpu_overhead="0 B" estimate.memory.required.full="0 B" estimate.memory.required.partial="0 B" estimate.memory.required.kv="0 B" estimate.memory.required.allocations=[] estimate.memory.weights.total="0 B" estimate.memory.weights.repeating="0 B" estimate.memory.weights.nonrepeating="0 B" estimate.memory.graph.full="0 B" estimate.memory.graph.partial="0 B"
time=2025-11-10T18:28:17.757Z level=INFO source=sched.go:445 msg="model is too large for system memory" requireFull=false
[GIN] 2025/11/10 - 18:28:17 | 500 |  142.218474ms |       127.0.0.1 | POST     "/api/generate"
llama_model_loader: loaded meta data with 23 key-value pairs and 291 tensors from /home/codespace/.ollama/models/blobs/sha256-8934d96d3f08982e95922b2b7a2c626a1fe873d7c3b06e8e56d7bc0a1fef9246 (version GGUF V3 (latest))
llama_model_loader: Dumping metadata keys/values. Note: KV overrides do not apply in this output.
llama_model_loader: - kv   0:                       general.architecture str              = llama
llama_model_loader: - kv   1:                               general.name str              = LLaMA v2
llama_model_loader: - kv   2:                       llama.context_length u32              = 4096
llama_model_loader: - kv   3:                     llama.embedding_length u32              = 4096
llama_model_loader: - kv   4:                          llama.block_count u32              = 32
llama_model_loader: - kv   5:                  llama.feed_forward_length u32              = 11008
llama_model_loader: - kv   6:                 llama.rope.dimension_count u32              = 128
llama_model_loader: - kv   7:                 llama.attention.head_count u32              = 32
llama_model_loader: - kv   8:              llama.attention.head_count_kv u32              = 32
llama_model_loader: - kv   9:     llama.attention.layer_norm_rms_epsilon f32              = 0.000010
llama_model_loader: - kv  10:                          general.file_type u32              = 2
llama_model_loader: - kv  11:                       tokenizer.ggml.model str              = llama
llama_model_loader: - kv  12:                      tokenizer.ggml.tokens arr[str,32000]   = ["<unk>", "<s>", "</s>", "<0x00>", "<...
llama_model_loader: - kv  13:                      tokenizer.ggml.scores arr[f32,32000]   = [0.000000, 0.000000, 0.000000, 0.0000...
llama_model_loader: - kv  14:                  tokenizer.ggml.token_type arr[i32,32000]   = [2, 3, 3, 6, 6, 6, 6, 6, 6, 6, 6, 6, ...
llama_model_loader: - kv  15:                      tokenizer.ggml.merges arr[str,61249]   = ["▁ t", "e r", "i n", "▁ a", "e n...
llama_model_loader: - kv  16:                tokenizer.ggml.bos_token_id u32              = 1
llama_model_loader: - kv  17:                tokenizer.ggml.eos_token_id u32              = 2
llama_model_loader: - kv  18:            tokenizer.ggml.unknown_token_id u32              = 0
llama_model_loader: - kv  19:               tokenizer.ggml.add_bos_token bool             = true
llama_model_loader: - kv  20:               tokenizer.ggml.add_eos_token bool             = false
llama_model_loader: - kv  21:                    tokenizer.chat_template str              = {% if messages[0]['role'] == 'system'...
llama_model_loader: - kv  22:               general.quantization_version u32              = 2
llama_model_loader: - type  f32:   65 tensors
llama_model_loader: - type q4_0:  225 tensors
llama_model_loader: - type q6_K:    1 tensors
print_info: file format = GGUF V3 (latest)
print_info: file type   = Q4_0
print_info: file size   = 3.56 GiB (4.54 BPW) 
load: special_eos_id is not in special_eog_ids - the tokenizer config may be incorrect
load: printing all EOG tokens:
load:   - 2 ('</s>')
load: special tokens cache size = 3
load: token to piece cache size = 0.1684 MB
print_info: arch             = llama
print_info: vocab_only       = 1
print_info: model type       = ?B
print_info: model params     = 6.74 B
print_info: general.name     = LLaMA v2
print_info: vocab type       = SPM
print_info: n_vocab          = 32000
print_info: n_merges         = 0
print_info: BOS token        = 1 '<s>'
print_info: EOS token        = 2 '</s>'
print_info: UNK token        = 0 '<unk>'
print_info: LF token         = 13 '<0x0A>'
print_info: EOG token        = 2 '</s>'
print_info: max token length = 48
llama_model_load: vocab only - skipping tensors
time=2025-11-10T18:28:17.892Z level=INFO source=server.go:400 msg="starting runner" cmd="/usr/local/bin/ollama runner --model /home/codespace/.ollama/models/blobs/sha256-8934d96d3f08982e95922b2b7a2c626a1fe873d7c3b06e8e56d7bc0a1fef9246 --port 33809"
time=2025-11-10T18:28:17.893Z level=INFO source=server.go:470 msg="system memory" total="7.8 GiB" free="2.4 GiB" free_swap="0 B"
time=2025-11-10T18:28:17.893Z level=INFO source=server.go:474 msg="model requires more memory than is currently available, evicting a model to make space" estimate.library="" estimate.layers.requested=0 estimate.layers.model=0 estimate.layers.offload=0 estimate.layers.split=[] estimate.memory.available=[] estimate.memory.gpu_overhead="0 B" estimate.memory.required.full="0 B" estimate.memory.required.partial="0 B" estimate.memory.required.kv="0 B" estimate.memory.required.allocations=[] estimate.memory.weights.total="0 B" estimate.memory.weights.repeating="0 B" estimate.memory.weights.nonrepeating="0 B" estimate.memory.graph.full="0 B" estimate.memory.graph.partial="0 B"
time=2025-11-10T18:28:17.893Z level=INFO source=sched.go:445 msg="model is too large for system memory" requireFull=false
[GIN] 2025/11/10 - 18:28:17 | 500 |  280.493781ms |       127.0.0.1 | POST     "/api/generate"
llama_model_loader: loaded meta data with 23 key-value pairs and 291 tensors from /home/codespace/.ollama/models/blobs/sha256-8934d96d3f08982e95922b2b7a2c626a1fe873d7c3b06e8e56d7bc0a1fef9246 (version GGUF V3 (latest))
llama_model_loader: Dumping metadata keys/values. Note: KV overrides do not apply in this output.
llama_model_loader: - kv   0:                       general.architecture str              = llama
llama_model_loader: - kv   1:                               general.name str              = LLaMA v2
llama_model_loader: - kv   2:                       llama.context_length u32              = 4096
llama_model_loader: - kv   3:                     llama.embedding_length u32              = 4096
llama_model_loader: - kv   4:                          llama.block_count u32              = 32
llama_model_loader: - kv   5:                  llama.feed_forward_length u32              = 11008
llama_model_loader: - kv   6:                 llama.rope.dimension_count u32              = 128
llama_model_loader: - kv   7:                 llama.attention.head_count u32              = 32
llama_model_loader: - kv   8:              llama.attention.head_count_kv u32              = 32
llama_model_loader: - kv   9:     llama.attention.layer_norm_rms_epsilon f32              = 0.000010
llama_model_loader: - kv  10:                          general.file_type u32              = 2
llama_model_loader: - kv  11:                       tokenizer.ggml.model str              = llama
llama_model_loader: - kv  12:                      tokenizer.ggml.tokens arr[str,32000]   = ["<unk>", "<s>", "</s>", "<0x00>", "<...
llama_model_loader: - kv  13:                      tokenizer.ggml.scores arr[f32,32000]   = [0.000000, 0.000000, 0.000000, 0.0000...
llama_model_loader: - kv  14:                  tokenizer.ggml.token_type arr[i32,32000]   = [2, 3, 3, 6, 6, 6, 6, 6, 6, 6, 6, 6, ...
llama_model_loader: - kv  15:                      tokenizer.ggml.merges arr[str,61249]   = ["▁ t", "e r", "i n", "▁ a", "e n...
llama_model_loader: - kv  16:                tokenizer.ggml.bos_token_id u32              = 1
llama_model_loader: - kv  17:                tokenizer.ggml.eos_token_id u32              = 2
llama_model_loader: - kv  18:            tokenizer.ggml.unknown_token_id u32              = 0
llama_model_loader: - kv  19:               tokenizer.ggml.add_bos_token bool             = true
llama_model_loader: - kv  20:               tokenizer.ggml.add_eos_token bool             = false
llama_model_loader: - kv  21:                    tokenizer.chat_template str              = {% if messages[0]['role'] == 'system'...
llama_model_loader: - kv  22:               general.quantization_version u32              = 2
llama_model_loader: - type  f32:   65 tensors
llama_model_loader: - type q4_0:  225 tensors
llama_model_loader: - type q6_K:    1 tensors
print_info: file format = GGUF V3 (latest)
print_info: file type   = Q4_0
print_info: file size   = 3.56 GiB (4.54 BPW) 
load: special_eos_id is not in special_eog_ids - the tokenizer config may be incorrect
load: printing all EOG tokens:
load:   - 2 ('</s>')
load: special tokens cache size = 3
load: token to piece cache size = 0.1684 MB
print_info: arch             = llama
print_info: vocab_only       = 1
print_info: model type       = ?B
print_info: model params     = 6.74 B
print_info: general.name     = LLaMA v2
print_info: vocab type       = SPM
print_info: n_vocab          = 32000
print_info: n_merges         = 0
print_info: BOS token        = 1 '<s>'
print_info: EOS token        = 2 '</s>'
print_info: UNK token        = 0 '<unk>'
print_info: LF token         = 13 '<0x0A>'
print_info: EOG token        = 2 '</s>'
print_info: max token length = 48
llama_model_load: vocab only - skipping tensors
time=2025-11-10T18:28:17.982Z level=INFO source=server.go:400 msg="starting runner" cmd="/usr/local/bin/ollama runner --model /home/codespace/.ollama/models/blobs/sha256-8934d96d3f08982e95922b2b7a2c626a1fe873d7c3b06e8e56d7bc0a1fef9246 --port 37669"
time=2025-11-10T18:28:17.982Z level=INFO source=server.go:470 msg="system memory" total="7.8 GiB" free="2.4 GiB" free_swap="0 B"
time=2025-11-10T18:28:17.983Z level=INFO source=server.go:474 msg="model requires more memory than is currently available, evicting a model to make space" estimate.library="" estimate.layers.requested=0 estimate.layers.model=0 estimate.layers.offload=0 estimate.layers.split=[] estimate.memory.available=[] estimate.memory.gpu_overhead="0 B" estimate.memory.required.full="0 B" estimate.memory.required.partial="0 B" estimate.memory.required.kv="0 B" estimate.memory.required.allocations=[] estimate.memory.weights.total="0 B" estimate.memory.weights.repeating="0 B" estimate.memory.weights.nonrepeating="0 B" estimate.memory.graph.full="0 B" estimate.memory.graph.partial="0 B"
time=2025-11-10T18:28:17.983Z level=INFO source=sched.go:445 msg="model is too large for system memory" requireFull=false
[GIN] 2025/11/10 - 18:28:17 | 500 |  190.689099ms |       127.0.0.1 | POST     "/api/generate"
llama_model_loader: loaded meta data with 23 key-value pairs and 291 tensors from /home/codespace/.ollama/models/blobs/sha256-8934d96d3f08982e95922b2b7a2c626a1fe873d7c3b06e8e56d7bc0a1fef9246 (version GGUF V3 (latest))
llama_model_loader: Dumping metadata keys/values. Note: KV overrides do not apply in this output.
llama_model_loader: - kv   0:                       general.architecture str              = llama
llama_model_loader: - kv   1:                               general.name str              = LLaMA v2
llama_model_loader: - kv   2:                       llama.context_length u32              = 4096
llama_model_loader: - kv   3:                     llama.embedding_length u32              = 4096
llama_model_loader: - kv   4:                          llama.block_count u32              = 32
llama_model_loader: - kv   5:                  llama.feed_forward_length u32              = 11008
llama_model_loader: - kv   6:                 llama.rope.dimension_count u32              = 128
llama_model_loader: - kv   7:                 llama.attention.head_count u32              = 32
llama_model_loader: - kv   8:              llama.attention.head_count_kv u32              = 32
llama_model_loader: - kv   9:     llama.attention.layer_norm_rms_epsilon f32              = 0.000010
llama_model_loader: - kv  10:                          general.file_type u32              = 2
llama_model_loader: - kv  11:                       tokenizer.ggml.model str              = llama
llama_model_loader: - kv  12:                      tokenizer.ggml.tokens arr[str,32000]   = ["<unk>", "<s>", "</s>", "<0x00>", "<...
llama_model_loader: - kv  13:                      tokenizer.ggml.scores arr[f32,32000]   = [0.000000, 0.000000, 0.000000, 0.0000...
llama_model_loader: - kv  14:                  tokenizer.ggml.token_type arr[i32,32000]   = [2, 3, 3, 6, 6, 6, 6, 6, 6, 6, 6, 6, ...
llama_model_loader: - kv  15:                      tokenizer.ggml.merges arr[str,61249]   = ["▁ t", "e r", "i n", "▁ a", "e n...
llama_model_loader: - kv  16:                tokenizer.ggml.bos_token_id u32              = 1
llama_model_loader: - kv  17:                tokenizer.ggml.eos_token_id u32              = 2
llama_model_loader: - kv  18:            tokenizer.ggml.unknown_token_id u32              = 0
llama_model_loader: - kv  19:               tokenizer.ggml.add_bos_token bool             = true
llama_model_loader: - kv  20:               tokenizer.ggml.add_eos_token bool             = false
llama_model_loader: - kv  21:                    tokenizer.chat_template str              = {% if messages[0]['role'] == 'system'...
llama_model_loader: - kv  22:               general.quantization_version u32              = 2
llama_model_loader: - type  f32:   65 tensors
llama_model_loader: - type q4_0:  225 tensors
llama_model_loader: - type q6_K:    1 tensors
print_info: file format = GGUF V3 (latest)
print_info: file type   = Q4_0
print_info: file size   = 3.56 GiB (4.54 BPW) 
load: special_eos_id is not in special_eog_ids - the tokenizer config may be incorrect
load: printing all EOG tokens:
load:   - 2 ('</s>')
load: special tokens cache size = 3
load: token to piece cache size = 0.1684 MB
print_info: arch             = llama
print_info: vocab_only       = 1
print_info: model type       = ?B
print_info: model params     = 6.74 B
print_info: general.name     = LLaMA v2
print_info: vocab type       = SPM
print_info: n_vocab          = 32000
print_info: n_merges         = 0
print_info: BOS token        = 1 '<s>'
print_info: EOS token        = 2 '</s>'
print_info: UNK token        = 0 '<unk>'
print_info: LF token         = 13 '<0x0A>'
print_info: EOG token        = 2 '</s>'
print_info: max token length = 48
llama_model_load: vocab only - skipping tensors
time=2025-11-10T18:28:54.769Z level=INFO source=server.go:400 msg="starting runner" cmd="/usr/local/bin/ollama runner --model /home/codespace/.ollama/models/blobs/sha256-8934d96d3f08982e95922b2b7a2c626a1fe873d7c3b06e8e56d7bc0a1fef9246 --port 33641"
time=2025-11-10T18:28:54.769Z level=INFO source=server.go:470 msg="system memory" total="7.8 GiB" free="2.5 GiB" free_swap="0 B"
time=2025-11-10T18:28:54.770Z level=INFO source=server.go:474 msg="model requires more memory than is currently available, evicting a model to make space" estimate.library="" estimate.layers.requested=0 estimate.layers.model=0 estimate.layers.offload=0 estimate.layers.split=[] estimate.memory.available=[] estimate.memory.gpu_overhead="0 B" estimate.memory.required.full="0 B" estimate.memory.required.partial="0 B" estimate.memory.required.kv="0 B" estimate.memory.required.allocations=[] estimate.memory.weights.total="0 B" estimate.memory.weights.repeating="0 B" estimate.memory.weights.nonrepeating="0 B" estimate.memory.graph.full="0 B" estimate.memory.graph.partial="0 B"
time=2025-11-10T18:28:54.770Z level=INFO source=sched.go:445 msg="model is too large for system memory" requireFull=false
[GIN] 2025/11/10 - 18:28:54 | 500 |  138.186248ms |       127.0.0.1 | POST     "/api/generate"
llama_model_loader: loaded meta data with 23 key-value pairs and 291 tensors from /home/codespace/.ollama/models/blobs/sha256-8934d96d3f08982e95922b2b7a2c626a1fe873d7c3b06e8e56d7bc0a1fef9246 (version GGUF V3 (latest))
llama_model_loader: Dumping metadata keys/values. Note: KV overrides do not apply in this output.
llama_model_loader: - kv   0:                       general.architecture str              = llama
llama_model_loader: - kv   1:                               general.name str              = LLaMA v2
llama_model_loader: - kv   2:                       llama.context_length u32              = 4096
llama_model_loader: - kv   3:                     llama.embedding_length u32              = 4096
llama_model_loader: - kv   4:                          llama.block_count u32              = 32
llama_model_loader: - kv   5:                  llama.feed_forward_length u32              = 11008
llama_model_loader: - kv   6:                 llama.rope.dimension_count u32              = 128
llama_model_loader: - kv   7:                 llama.attention.head_count u32              = 32
llama_model_loader: - kv   8:              llama.attention.head_count_kv u32              = 32
llama_model_loader: - kv   9:     llama.attention.layer_norm_rms_epsilon f32              = 0.000010
llama_model_loader: - kv  10:                          general.file_type u32              = 2
llama_model_loader: - kv  11:                       tokenizer.ggml.model str              = llama
llama_model_loader: - kv  12:                      tokenizer.ggml.tokens arr[str,32000]   = ["<unk>", "<s>", "</s>", "<0x00>", "<...
llama_model_loader: - kv  13:                      tokenizer.ggml.scores arr[f32,32000]   = [0.000000, 0.000000, 0.000000, 0.0000...
llama_model_loader: - kv  14:                  tokenizer.ggml.token_type arr[i32,32000]   = [2, 3, 3, 6, 6, 6, 6, 6, 6, 6, 6, 6, ...
llama_model_loader: - kv  15:                      tokenizer.ggml.merges arr[str,61249]   = ["▁ t", "e r", "i n", "▁ a", "e n...
llama_model_loader: - kv  16:                tokenizer.ggml.bos_token_id u32              = 1
llama_model_loader: - kv  17:                tokenizer.ggml.eos_token_id u32              = 2
llama_model_loader: - kv  18:            tokenizer.ggml.unknown_token_id u32              = 0
llama_model_loader: - kv  19:               tokenizer.ggml.add_bos_token bool             = true
llama_model_loader: - kv  20:               tokenizer.ggml.add_eos_token bool             = false
llama_model_loader: - kv  21:                    tokenizer.chat_template str              = {% if messages[0]['role'] == 'system'...
llama_model_loader: - kv  22:               general.quantization_version u32              = 2
llama_model_loader: - type  f32:   65 tensors
llama_model_loader: - type q4_0:  225 tensors
llama_model_loader: - type q6_K:    1 tensors
print_info: file format = GGUF V3 (latest)
print_info: file type   = Q4_0
print_info: file size   = 3.56 GiB (4.54 BPW) 
load: special_eos_id is not in special_eog_ids - the tokenizer config may be incorrect
load: printing all EOG tokens:
load:   - 2 ('</s>')
load: special tokens cache size = 3
load: token to piece cache size = 0.1684 MB
print_info: arch             = llama
print_info: vocab_only       = 1
print_info: model type       = ?B
print_info: model params     = 6.74 B
print_info: general.name     = LLaMA v2
print_info: vocab type       = SPM
print_info: n_vocab          = 32000
print_info: n_merges         = 0
print_info: BOS token        = 1 '<s>'
print_info: EOS token        = 2 '</s>'
print_info: UNK token        = 0 '<unk>'
print_info: LF token         = 13 '<0x0A>'
print_info: EOG token        = 2 '</s>'
print_info: max token length = 48
llama_model_load: vocab only - skipping tensors
time=2025-11-10T18:28:54.887Z level=INFO source=server.go:400 msg="starting runner" cmd="/usr/local/bin/ollama runner --model /home/codespace/.ollama/models/blobs/sha256-8934d96d3f08982e95922b2b7a2c626a1fe873d7c3b06e8e56d7bc0a1fef9246 --port 32981"
time=2025-11-10T18:28:54.887Z level=INFO source=server.go:470 msg="system memory" total="7.8 GiB" free="2.5 GiB" free_swap="0 B"
time=2025-11-10T18:28:54.888Z level=INFO source=server.go:474 msg="model requires more memory than is currently available, evicting a model to make space" estimate.library="" estimate.layers.requested=0 estimate.layers.model=0 estimate.layers.offload=0 estimate.layers.split=[] estimate.memory.available=[] estimate.memory.gpu_overhead="0 B" estimate.memory.required.full="0 B" estimate.memory.required.partial="0 B" estimate.memory.required.kv="0 B" estimate.memory.required.allocations=[] estimate.memory.weights.total="0 B" estimate.memory.weights.repeating="0 B" estimate.memory.weights.nonrepeating="0 B" estimate.memory.graph.full="0 B" estimate.memory.graph.partial="0 B"
time=2025-11-10T18:28:54.888Z level=INFO source=sched.go:445 msg="model is too large for system memory" requireFull=false
[GIN] 2025/11/10 - 18:28:54 | 500 |  255.662444ms |       127.0.0.1 | POST     "/api/generate"
llama_model_loader: loaded meta data with 23 key-value pairs and 291 tensors from /home/codespace/.ollama/models/blobs/sha256-8934d96d3f08982e95922b2b7a2c626a1fe873d7c3b06e8e56d7bc0a1fef9246 (version GGUF V3 (latest))
llama_model_loader: Dumping metadata keys/values. Note: KV overrides do not apply in this output.
llama_model_loader: - kv   0:                       general.architecture str              = llama
llama_model_loader: - kv   1:                               general.name str              = LLaMA v2
llama_model_loader: - kv   2:                       llama.context_length u32              = 4096
llama_model_loader: - kv   3:                     llama.embedding_length u32              = 4096
llama_model_loader: - kv   4:                          llama.block_count u32              = 32
llama_model_loader: - kv   5:                  llama.feed_forward_length u32              = 11008
llama_model_loader: - kv   6:                 llama.rope.dimension_count u32              = 128
llama_model_loader: - kv   7:                 llama.attention.head_count u32              = 32
llama_model_loader: - kv   8:              llama.attention.head_count_kv u32              = 32
llama_model_loader: - kv   9:     llama.attention.layer_norm_rms_epsilon f32              = 0.000010
llama_model_loader: - kv  10:                          general.file_type u32              = 2
llama_model_loader: - kv  11:                       tokenizer.ggml.model str              = llama
llama_model_loader: - kv  12:                      tokenizer.ggml.tokens arr[str,32000]   = ["<unk>", "<s>", "</s>", "<0x00>", "<...
llama_model_loader: - kv  13:                      tokenizer.ggml.scores arr[f32,32000]   = [0.000000, 0.000000, 0.000000, 0.0000...
llama_model_loader: - kv  14:                  tokenizer.ggml.token_type arr[i32,32000]   = [2, 3, 3, 6, 6, 6, 6, 6, 6, 6, 6, 6, ...
llama_model_loader: - kv  15:                      tokenizer.ggml.merges arr[str,61249]   = ["▁ t", "e r", "i n", "▁ a", "e n...
llama_model_loader: - kv  16:                tokenizer.ggml.bos_token_id u32              = 1
llama_model_loader: - kv  17:                tokenizer.ggml.eos_token_id u32              = 2
llama_model_loader: - kv  18:            tokenizer.ggml.unknown_token_id u32              = 0
llama_model_loader: - kv  19:               tokenizer.ggml.add_bos_token bool             = true
llama_model_loader: - kv  20:               tokenizer.ggml.add_eos_token bool             = false
llama_model_loader: - kv  21:                    tokenizer.chat_template str              = {% if messages[0]['role'] == 'system'...
llama_model_loader: - kv  22:               general.quantization_version u32              = 2
llama_model_loader: - type  f32:   65 tensors
llama_model_loader: - type q4_0:  225 tensors
llama_model_loader: - type q6_K:    1 tensors
print_info: file format = GGUF V3 (latest)
print_info: file type   = Q4_0
print_info: file size   = 3.56 GiB (4.54 BPW) 
load: special_eos_id is not in special_eog_ids - the tokenizer config may be incorrect
load: printing all EOG tokens:
load:   - 2 ('</s>')
load: special tokens cache size = 3
load: token to piece cache size = 0.1684 MB
print_info: arch             = llama
print_info: vocab_only       = 1
print_info: model type       = ?B
print_info: model params     = 6.74 B
print_info: general.name     = LLaMA v2
print_info: vocab type       = SPM
print_info: n_vocab          = 32000
print_info: n_merges         = 0
print_info: BOS token        = 1 '<s>'
print_info: EOS token        = 2 '</s>'
print_info: UNK token        = 0 '<unk>'
print_info: LF token         = 13 '<0x0A>'
print_info: EOG token        = 2 '</s>'
print_info: max token length = 48
llama_model_load: vocab only - skipping tensors
time=2025-11-10T18:28:54.960Z level=INFO source=server.go:400 msg="starting runner" cmd="/usr/local/bin/ollama runner --model /home/codespace/.ollama/models/blobs/sha256-8934d96d3f08982e95922b2b7a2c626a1fe873d7c3b06e8e56d7bc0a1fef9246 --port 32813"
time=2025-11-10T18:28:54.961Z level=INFO source=server.go:470 msg="system memory" total="7.8 GiB" free="2.5 GiB" free_swap="0 B"
time=2025-11-10T18:28:54.961Z level=INFO source=server.go:474 msg="model requires more memory than is currently available, evicting a model to make space" estimate.library="" estimate.layers.requested=0 estimate.layers.model=0 estimate.layers.offload=0 estimate.layers.split=[] estimate.memory.available=[] estimate.memory.gpu_overhead="0 B" estimate.memory.required.full="0 B" estimate.memory.required.partial="0 B" estimate.memory.required.kv="0 B" estimate.memory.required.allocations=[] estimate.memory.weights.total="0 B" estimate.memory.weights.repeating="0 B" estimate.memory.weights.nonrepeating="0 B" estimate.memory.graph.full="0 B" estimate.memory.graph.partial="0 B"
time=2025-11-10T18:28:54.961Z level=INFO source=sched.go:445 msg="model is too large for system memory" requireFull=false
[GIN] 2025/11/10 - 18:28:54 | 500 |  163.251161ms |       127.0.0.1 | POST     "/api/generate"
llama_model_loader: loaded meta data with 23 key-value pairs and 291 tensors from /home/codespace/.ollama/models/blobs/sha256-8934d96d3f08982e95922b2b7a2c626a1fe873d7c3b06e8e56d7bc0a1fef9246 (version GGUF V3 (latest))
llama_model_loader: Dumping metadata keys/values. Note: KV overrides do not apply in this output.
llama_model_loader: - kv   0:                       general.architecture str              = llama
llama_model_loader: - kv   1:                               general.name str              = LLaMA v2
llama_model_loader: - kv   2:                       llama.context_length u32              = 4096
llama_model_loader: - kv   3:                     llama.embedding_length u32              = 4096
llama_model_loader: - kv   4:                          llama.block_count u32              = 32
llama_model_loader: - kv   5:                  llama.feed_forward_length u32              = 11008
llama_model_loader: - kv   6:                 llama.rope.dimension_count u32              = 128
llama_model_loader: - kv   7:                 llama.attention.head_count u32              = 32
llama_model_loader: - kv   8:              llama.attention.head_count_kv u32              = 32
llama_model_loader: - kv   9:     llama.attention.layer_norm_rms_epsilon f32              = 0.000010
llama_model_loader: - kv  10:                          general.file_type u32              = 2
llama_model_loader: - kv  11:                       tokenizer.ggml.model str              = llama
llama_model_loader: - kv  12:                      tokenizer.ggml.tokens arr[str,32000]   = ["<unk>", "<s>", "</s>", "<0x00>", "<...
llama_model_loader: - kv  13:                      tokenizer.ggml.scores arr[f32,32000]   = [0.000000, 0.000000, 0.000000, 0.0000...
llama_model_loader: - kv  14:                  tokenizer.ggml.token_type arr[i32,32000]   = [2, 3, 3, 6, 6, 6, 6, 6, 6, 6, 6, 6, ...
llama_model_loader: - kv  15:                      tokenizer.ggml.merges arr[str,61249]   = ["▁ t", "e r", "i n", "▁ a", "e n...
llama_model_loader: - kv  16:                tokenizer.ggml.bos_token_id u32              = 1
llama_model_loader: - kv  17:                tokenizer.ggml.eos_token_id u32              = 2
llama_model_loader: - kv  18:            tokenizer.ggml.unknown_token_id u32              = 0
llama_model_loader: - kv  19:               tokenizer.ggml.add_bos_token bool             = true
llama_model_loader: - kv  20:               tokenizer.ggml.add_eos_token bool             = false
llama_model_loader: - kv  21:                    tokenizer.chat_template str              = {% if messages[0]['role'] == 'system'...
llama_model_loader: - kv  22:               general.quantization_version u32              = 2
llama_model_loader: - type  f32:   65 tensors
llama_model_loader: - type q4_0:  225 tensors
llama_model_loader: - type q6_K:    1 tensors
print_info: file format = GGUF V3 (latest)
print_info: file type   = Q4_0
print_info: file size   = 3.56 GiB (4.54 BPW) 
load: special_eos_id is not in special_eog_ids - the tokenizer config may be incorrect
load: printing all EOG tokens:
load:   - 2 ('</s>')
load: special tokens cache size = 3
load: token to piece cache size = 0.1684 MB
print_info: arch             = llama
print_info: vocab_only       = 1
print_info: model type       = ?B
print_info: model params     = 6.74 B
print_info: general.name     = LLaMA v2
print_info: vocab type       = SPM
print_info: n_vocab          = 32000
print_info: n_merges         = 0
print_info: BOS token        = 1 '<s>'
print_info: EOS token        = 2 '</s>'
print_info: UNK token        = 0 '<unk>'
print_info: LF token         = 13 '<0x0A>'
print_info: EOG token        = 2 '</s>'
print_info: max token length = 48
llama_model_load: vocab only - skipping tensors
time=2025-11-10T18:28:59.302Z level=INFO source=server.go:400 msg="starting runner" cmd="/usr/local/bin/ollama runner --model /home/codespace/.ollama/models/blobs/sha256-8934d96d3f08982e95922b2b7a2c626a1fe873d7c3b06e8e56d7bc0a1fef9246 --port 45665"
time=2025-11-10T18:28:59.305Z level=INFO source=server.go:470 msg="system memory" total="7.8 GiB" free="2.2 GiB" free_swap="0 B"
time=2025-11-10T18:28:59.305Z level=INFO source=server.go:474 msg="model requires more memory than is currently available, evicting a model to make space" estimate.library="" estimate.layers.requested=0 estimate.layers.model=0 estimate.layers.offload=0 estimate.layers.split=[] estimate.memory.available=[] estimate.memory.gpu_overhead="0 B" estimate.memory.required.full="0 B" estimate.memory.required.partial="0 B" estimate.memory.required.kv="0 B" estimate.memory.required.allocations=[] estimate.memory.weights.total="0 B" estimate.memory.weights.repeating="0 B" estimate.memory.weights.nonrepeating="0 B" estimate.memory.graph.full="0 B" estimate.memory.graph.partial="0 B"
time=2025-11-10T18:28:59.305Z level=INFO source=sched.go:445 msg="model is too large for system memory" requireFull=false
[GIN] 2025/11/10 - 18:28:59 | 500 |  153.573061ms |       127.0.0.1 | POST     "/api/generate"
llama_model_loader: loaded meta data with 23 key-value pairs and 291 tensors from /home/codespace/.ollama/models/blobs/sha256-8934d96d3f08982e95922b2b7a2c626a1fe873d7c3b06e8e56d7bc0a1fef9246 (version GGUF V3 (latest))
llama_model_loader: Dumping metadata keys/values. Note: KV overrides do not apply in this output.
llama_model_loader: - kv   0:                       general.architecture str              = llama
llama_model_loader: - kv   1:                               general.name str              = LLaMA v2
llama_model_loader: - kv   2:                       llama.context_length u32              = 4096
llama_model_loader: - kv   3:                     llama.embedding_length u32              = 4096
llama_model_loader: - kv   4:                          llama.block_count u32              = 32
llama_model_loader: - kv   5:                  llama.feed_forward_length u32              = 11008
llama_model_loader: - kv   6:                 llama.rope.dimension_count u32              = 128
llama_model_loader: - kv   7:                 llama.attention.head_count u32              = 32
llama_model_loader: - kv   8:              llama.attention.head_count_kv u32              = 32
llama_model_loader: - kv   9:     llama.attention.layer_norm_rms_epsilon f32              = 0.000010
llama_model_loader: - kv  10:                          general.file_type u32              = 2
llama_model_loader: - kv  11:                       tokenizer.ggml.model str              = llama
llama_model_loader: - kv  12:                      tokenizer.ggml.tokens arr[str,32000]   = ["<unk>", "<s>", "</s>", "<0x00>", "<...
llama_model_loader: - kv  13:                      tokenizer.ggml.scores arr[f32,32000]   = [0.000000, 0.000000, 0.000000, 0.0000...
llama_model_loader: - kv  14:                  tokenizer.ggml.token_type arr[i32,32000]   = [2, 3, 3, 6, 6, 6, 6, 6, 6, 6, 6, 6, ...
llama_model_loader: - kv  15:                      tokenizer.ggml.merges arr[str,61249]   = ["▁ t", "e r", "i n", "▁ a", "e n...
llama_model_loader: - kv  16:                tokenizer.ggml.bos_token_id u32              = 1
llama_model_loader: - kv  17:                tokenizer.ggml.eos_token_id u32              = 2
llama_model_loader: - kv  18:            tokenizer.ggml.unknown_token_id u32              = 0
llama_model_loader: - kv  19:               tokenizer.ggml.add_bos_token bool             = true
llama_model_loader: - kv  20:               tokenizer.ggml.add_eos_token bool             = false
llama_model_loader: - kv  21:                    tokenizer.chat_template str              = {% if messages[0]['role'] == 'system'...
llama_model_loader: - kv  22:               general.quantization_version u32              = 2
llama_model_loader: - type  f32:   65 tensors
llama_model_loader: - type q4_0:  225 tensors
llama_model_loader: - type q6_K:    1 tensors
print_info: file format = GGUF V3 (latest)
print_info: file type   = Q4_0
print_info: file size   = 3.56 GiB (4.54 BPW) 
load: special_eos_id is not in special_eog_ids - the tokenizer config may be incorrect
load: printing all EOG tokens:
load:   - 2 ('</s>')
load: special tokens cache size = 3
load: token to piece cache size = 0.1684 MB
print_info: arch             = llama
print_info: vocab_only       = 1
print_info: model type       = ?B
print_info: model params     = 6.74 B
print_info: general.name     = LLaMA v2
print_info: vocab type       = SPM
print_info: n_vocab          = 32000
print_info: n_merges         = 0
print_info: BOS token        = 1 '<s>'
print_info: EOS token        = 2 '</s>'
print_info: UNK token        = 0 '<unk>'
print_info: LF token         = 13 '<0x0A>'
print_info: EOG token        = 2 '</s>'
print_info: max token length = 48
llama_model_load: vocab only - skipping tensors
time=2025-11-10T18:28:59.449Z level=INFO source=server.go:400 msg="starting runner" cmd="/usr/local/bin/ollama runner --model /home/codespace/.ollama/models/blobs/sha256-8934d96d3f08982e95922b2b7a2c626a1fe873d7c3b06e8e56d7bc0a1fef9246 --port 43833"
time=2025-11-10T18:28:59.450Z level=INFO source=server.go:470 msg="system memory" total="7.8 GiB" free="2.2 GiB" free_swap="0 B"
time=2025-11-10T18:28:59.450Z level=INFO source=server.go:474 msg="model requires more memory than is currently available, evicting a model to make space" estimate.library="" estimate.layers.requested=0 estimate.layers.model=0 estimate.layers.offload=0 estimate.layers.split=[] estimate.memory.available=[] estimate.memory.gpu_overhead="0 B" estimate.memory.required.full="0 B" estimate.memory.required.partial="0 B" estimate.memory.required.kv="0 B" estimate.memory.required.allocations=[] estimate.memory.weights.total="0 B" estimate.memory.weights.repeating="0 B" estimate.memory.weights.nonrepeating="0 B" estimate.memory.graph.full="0 B" estimate.memory.graph.partial="0 B"
time=2025-11-10T18:28:59.450Z level=INFO source=sched.go:445 msg="model is too large for system memory" requireFull=false
[GIN] 2025/11/10 - 18:28:59 | 500 |  299.193377ms |       127.0.0.1 | POST     "/api/generate"
llama_model_loader: loaded meta data with 23 key-value pairs and 291 tensors from /home/codespace/.ollama/models/blobs/sha256-8934d96d3f08982e95922b2b7a2c626a1fe873d7c3b06e8e56d7bc0a1fef9246 (version GGUF V3 (latest))
llama_model_loader: Dumping metadata keys/values. Note: KV overrides do not apply in this output.
llama_model_loader: - kv   0:                       general.architecture str              = llama
llama_model_loader: - kv   1:                               general.name str              = LLaMA v2
llama_model_loader: - kv   2:                       llama.context_length u32              = 4096
llama_model_loader: - kv   3:                     llama.embedding_length u32              = 4096
llama_model_loader: - kv   4:                          llama.block_count u32              = 32
llama_model_loader: - kv   5:                  llama.feed_forward_length u32              = 11008
llama_model_loader: - kv   6:                 llama.rope.dimension_count u32              = 128
llama_model_loader: - kv   7:                 llama.attention.head_count u32              = 32
llama_model_loader: - kv   8:              llama.attention.head_count_kv u32              = 32
llama_model_loader: - kv   9:     llama.attention.layer_norm_rms_epsilon f32              = 0.000010
llama_model_loader: - kv  10:                          general.file_type u32              = 2
llama_model_loader: - kv  11:                       tokenizer.ggml.model str              = llama
llama_model_loader: - kv  12:                      tokenizer.ggml.tokens arr[str,32000]   = ["<unk>", "<s>", "</s>", "<0x00>", "<...
llama_model_loader: - kv  13:                      tokenizer.ggml.scores arr[f32,32000]   = [0.000000, 0.000000, 0.000000, 0.0000...
llama_model_loader: - kv  14:                  tokenizer.ggml.token_type arr[i32,32000]   = [2, 3, 3, 6, 6, 6, 6, 6, 6, 6, 6, 6, ...
llama_model_loader: - kv  15:                      tokenizer.ggml.merges arr[str,61249]   = ["▁ t", "e r", "i n", "▁ a", "e n...
llama_model_loader: - kv  16:                tokenizer.ggml.bos_token_id u32              = 1
llama_model_loader: - kv  17:                tokenizer.ggml.eos_token_id u32              = 2
llama_model_loader: - kv  18:            tokenizer.ggml.unknown_token_id u32              = 0
llama_model_loader: - kv  19:               tokenizer.ggml.add_bos_token bool             = true
llama_model_loader: - kv  20:               tokenizer.ggml.add_eos_token bool             = false
llama_model_loader: - kv  21:                    tokenizer.chat_template str              = {% if messages[0]['role'] == 'system'...
llama_model_loader: - kv  22:               general.quantization_version u32              = 2
llama_model_loader: - type  f32:   65 tensors
llama_model_loader: - type q4_0:  225 tensors
llama_model_loader: - type q6_K:    1 tensors
print_info: file format = GGUF V3 (latest)
print_info: file type   = Q4_0
print_info: file size   = 3.56 GiB (4.54 BPW) 
load: special_eos_id is not in special_eog_ids - the tokenizer config may be incorrect
load: printing all EOG tokens:
load:   - 2 ('</s>')
load: special tokens cache size = 3
load: token to piece cache size = 0.1684 MB
print_info: arch             = llama
print_info: vocab_only       = 1
print_info: model type       = ?B
print_info: model params     = 6.74 B
print_info: general.name     = LLaMA v2
print_info: vocab type       = SPM
print_info: n_vocab          = 32000
print_info: n_merges         = 0
print_info: BOS token        = 1 '<s>'
print_info: EOS token        = 2 '</s>'
print_info: UNK token        = 0 '<unk>'
print_info: LF token         = 13 '<0x0A>'
print_info: EOG token        = 2 '</s>'
print_info: max token length = 48
llama_model_load: vocab only - skipping tensors
time=2025-11-10T18:28:59.568Z level=INFO source=server.go:400 msg="starting runner" cmd="/usr/local/bin/ollama runner --model /home/codespace/.ollama/models/blobs/sha256-8934d96d3f08982e95922b2b7a2c626a1fe873d7c3b06e8e56d7bc0a1fef9246 --port 38947"
time=2025-11-10T18:28:59.568Z level=INFO source=server.go:470 msg="system memory" total="7.8 GiB" free="2.2 GiB" free_swap="0 B"
time=2025-11-10T18:28:59.568Z level=INFO source=server.go:474 msg="model requires more memory than is currently available, evicting a model to make space" estimate.library="" estimate.layers.requested=0 estimate.layers.model=0 estimate.layers.offload=0 estimate.layers.split=[] estimate.memory.available=[] estimate.memory.gpu_overhead="0 B" estimate.memory.required.full="0 B" estimate.memory.required.partial="0 B" estimate.memory.required.kv="0 B" estimate.memory.required.allocations=[] estimate.memory.weights.total="0 B" estimate.memory.weights.repeating="0 B" estimate.memory.weights.nonrepeating="0 B" estimate.memory.graph.full="0 B" estimate.memory.graph.partial="0 B"
time=2025-11-10T18:28:59.568Z level=INFO source=sched.go:445 msg="model is too large for system memory" requireFull=false
[GIN] 2025/11/10 - 18:28:59 | 500 |  232.329101ms |       127.0.0.1 | POST     "/api/generate"
llama_model_loader: loaded meta data with 23 key-value pairs and 291 tensors from /home/codespace/.ollama/models/blobs/sha256-8934d96d3f08982e95922b2b7a2c626a1fe873d7c3b06e8e56d7bc0a1fef9246 (version GGUF V3 (latest))
llama_model_loader: Dumping metadata keys/values. Note: KV overrides do not apply in this output.
llama_model_loader: - kv   0:                       general.architecture str              = llama
llama_model_loader: - kv   1:                               general.name str              = LLaMA v2
llama_model_loader: - kv   2:                       llama.context_length u32              = 4096
llama_model_loader: - kv   3:                     llama.embedding_length u32              = 4096
llama_model_loader: - kv   4:                          llama.block_count u32              = 32
llama_model_loader: - kv   5:                  llama.feed_forward_length u32              = 11008
llama_model_loader: - kv   6:                 llama.rope.dimension_count u32              = 128
llama_model_loader: - kv   7:                 llama.attention.head_count u32              = 32
llama_model_loader: - kv   8:              llama.attention.head_count_kv u32              = 32
llama_model_loader: - kv   9:     llama.attention.layer_norm_rms_epsilon f32              = 0.000010
llama_model_loader: - kv  10:                          general.file_type u32              = 2
llama_model_loader: - kv  11:                       tokenizer.ggml.model str              = llama
llama_model_loader: - kv  12:                      tokenizer.ggml.tokens arr[str,32000]   = ["<unk>", "<s>", "</s>", "<0x00>", "<...
llama_model_loader: - kv  13:                      tokenizer.ggml.scores arr[f32,32000]   = [0.000000, 0.000000, 0.000000, 0.0000...
llama_model_loader: - kv  14:                  tokenizer.ggml.token_type arr[i32,32000]   = [2, 3, 3, 6, 6, 6, 6, 6, 6, 6, 6, 6, ...
llama_model_loader: - kv  15:                      tokenizer.ggml.merges arr[str,61249]   = ["▁ t", "e r", "i n", "▁ a", "e n...
llama_model_loader: - kv  16:                tokenizer.ggml.bos_token_id u32              = 1
llama_model_loader: - kv  17:                tokenizer.ggml.eos_token_id u32              = 2
llama_model_loader: - kv  18:            tokenizer.ggml.unknown_token_id u32              = 0
llama_model_loader: - kv  19:               tokenizer.ggml.add_bos_token bool             = true
llama_model_loader: - kv  20:               tokenizer.ggml.add_eos_token bool             = false
llama_model_loader: - kv  21:                    tokenizer.chat_template str              = {% if messages[0]['role'] == 'system'...
llama_model_loader: - kv  22:               general.quantization_version u32              = 2
llama_model_loader: - type  f32:   65 tensors
llama_model_loader: - type q4_0:  225 tensors
llama_model_loader: - type q6_K:    1 tensors
print_info: file format = GGUF V3 (latest)
print_info: file type   = Q4_0
print_info: file size   = 3.56 GiB (4.54 BPW) 
load: special_eos_id is not in special_eog_ids - the tokenizer config may be incorrect
load: printing all EOG tokens:
load:   - 2 ('</s>')
load: special tokens cache size = 3
load: token to piece cache size = 0.1684 MB
print_info: arch             = llama
print_info: vocab_only       = 1
print_info: model type       = ?B
print_info: model params     = 6.74 B
print_info: general.name     = LLaMA v2
print_info: vocab type       = SPM
print_info: n_vocab          = 32000
print_info: n_merges         = 0
print_info: BOS token        = 1 '<s>'
print_info: EOS token        = 2 '</s>'
print_info: UNK token        = 0 '<unk>'
print_info: LF token         = 13 '<0x0A>'
print_info: EOG token        = 2 '</s>'
print_info: max token length = 48
llama_model_load: vocab only - skipping tensors
time=2025-11-10T18:29:09.174Z level=INFO source=server.go:400 msg="starting runner" cmd="/usr/local/bin/ollama runner --model /home/codespace/.ollama/models/blobs/sha256-8934d96d3f08982e95922b2b7a2c626a1fe873d7c3b06e8e56d7bc0a1fef9246 --port 38751"
time=2025-11-10T18:29:09.175Z level=INFO source=server.go:470 msg="system memory" total="7.8 GiB" free="2.4 GiB" free_swap="0 B"
time=2025-11-10T18:29:09.175Z level=INFO source=server.go:474 msg="model requires more memory than is currently available, evicting a model to make space" estimate.library="" estimate.layers.requested=0 estimate.layers.model=0 estimate.layers.offload=0 estimate.layers.split=[] estimate.memory.available=[] estimate.memory.gpu_overhead="0 B" estimate.memory.required.full="0 B" estimate.memory.required.partial="0 B" estimate.memory.required.kv="0 B" estimate.memory.required.allocations=[] estimate.memory.weights.total="0 B" estimate.memory.weights.repeating="0 B" estimate.memory.weights.nonrepeating="0 B" estimate.memory.graph.full="0 B" estimate.memory.graph.partial="0 B"
time=2025-11-10T18:29:09.175Z level=INFO source=sched.go:445 msg="model is too large for system memory" requireFull=false
[GIN] 2025/11/10 - 18:29:09 | 500 |  146.107304ms |       127.0.0.1 | POST     "/api/generate"
llama_model_loader: loaded meta data with 23 key-value pairs and 291 tensors from /home/codespace/.ollama/models/blobs/sha256-8934d96d3f08982e95922b2b7a2c626a1fe873d7c3b06e8e56d7bc0a1fef9246 (version GGUF V3 (latest))
llama_model_loader: Dumping metadata keys/values. Note: KV overrides do not apply in this output.
llama_model_loader: - kv   0:                       general.architecture str              = llama
llama_model_loader: - kv   1:                               general.name str              = LLaMA v2
llama_model_loader: - kv   2:                       llama.context_length u32              = 4096
llama_model_loader: - kv   3:                     llama.embedding_length u32              = 4096
llama_model_loader: - kv   4:                          llama.block_count u32              = 32
llama_model_loader: - kv   5:                  llama.feed_forward_length u32              = 11008
llama_model_loader: - kv   6:                 llama.rope.dimension_count u32              = 128
llama_model_loader: - kv   7:                 llama.attention.head_count u32              = 32
llama_model_loader: - kv   8:              llama.attention.head_count_kv u32              = 32
llama_model_loader: - kv   9:     llama.attention.layer_norm_rms_epsilon f32              = 0.000010
llama_model_loader: - kv  10:                          general.file_type u32              = 2
llama_model_loader: - kv  11:                       tokenizer.ggml.model str              = llama
llama_model_loader: - kv  12:                      tokenizer.ggml.tokens arr[str,32000]   = ["<unk>", "<s>", "</s>", "<0x00>", "<...
llama_model_loader: - kv  13:                      tokenizer.ggml.scores arr[f32,32000]   = [0.000000, 0.000000, 0.000000, 0.0000...
llama_model_loader: - kv  14:                  tokenizer.ggml.token_type arr[i32,32000]   = [2, 3, 3, 6, 6, 6, 6, 6, 6, 6, 6, 6, ...
llama_model_loader: - kv  15:                      tokenizer.ggml.merges arr[str,61249]   = ["▁ t", "e r", "i n", "▁ a", "e n...
llama_model_loader: - kv  16:                tokenizer.ggml.bos_token_id u32              = 1
llama_model_loader: - kv  17:                tokenizer.ggml.eos_token_id u32              = 2
llama_model_loader: - kv  18:            tokenizer.ggml.unknown_token_id u32              = 0
llama_model_loader: - kv  19:               tokenizer.ggml.add_bos_token bool             = true
llama_model_loader: - kv  20:               tokenizer.ggml.add_eos_token bool             = false
llama_model_loader: - kv  21:                    tokenizer.chat_template str              = {% if messages[0]['role'] == 'system'...
llama_model_loader: - kv  22:               general.quantization_version u32              = 2
llama_model_loader: - type  f32:   65 tensors
llama_model_loader: - type q4_0:  225 tensors
llama_model_loader: - type q6_K:    1 tensors
print_info: file format = GGUF V3 (latest)
print_info: file type   = Q4_0
print_info: file size   = 3.56 GiB (4.54 BPW) 
load: special_eos_id is not in special_eog_ids - the tokenizer config may be incorrect
load: printing all EOG tokens:
load:   - 2 ('</s>')
load: special tokens cache size = 3
load: token to piece cache size = 0.1684 MB
print_info: arch             = llama
print_info: vocab_only       = 1
print_info: model type       = ?B
print_info: model params     = 6.74 B
print_info: general.name     = LLaMA v2
print_info: vocab type       = SPM
print_info: n_vocab          = 32000
print_info: n_merges         = 0
print_info: BOS token        = 1 '<s>'
print_info: EOS token        = 2 '</s>'
print_info: UNK token        = 0 '<unk>'
print_info: LF token         = 13 '<0x0A>'
print_info: EOG token        = 2 '</s>'
print_info: max token length = 48
llama_model_load: vocab only - skipping tensors
time=2025-11-10T18:29:09.295Z level=INFO source=server.go:400 msg="starting runner" cmd="/usr/local/bin/ollama runner --model /home/codespace/.ollama/models/blobs/sha256-8934d96d3f08982e95922b2b7a2c626a1fe873d7c3b06e8e56d7bc0a1fef9246 --port 45327"
time=2025-11-10T18:29:09.296Z level=INFO source=server.go:470 msg="system memory" total="7.8 GiB" free="2.4 GiB" free_swap="0 B"
time=2025-11-10T18:29:09.296Z level=INFO source=server.go:474 msg="model requires more memory than is currently available, evicting a model to make space" estimate.library="" estimate.layers.requested=0 estimate.layers.model=0 estimate.layers.offload=0 estimate.layers.split=[] estimate.memory.available=[] estimate.memory.gpu_overhead="0 B" estimate.memory.required.full="0 B" estimate.memory.required.partial="0 B" estimate.memory.required.kv="0 B" estimate.memory.required.allocations=[] estimate.memory.weights.total="0 B" estimate.memory.weights.repeating="0 B" estimate.memory.weights.nonrepeating="0 B" estimate.memory.graph.full="0 B" estimate.memory.graph.partial="0 B"
time=2025-11-10T18:29:09.296Z level=INFO source=sched.go:445 msg="model is too large for system memory" requireFull=false
[GIN] 2025/11/10 - 18:29:09 | 500 |  268.543966ms |       127.0.0.1 | POST     "/api/generate"
llama_model_loader: loaded meta data with 23 key-value pairs and 291 tensors from /home/codespace/.ollama/models/blobs/sha256-8934d96d3f08982e95922b2b7a2c626a1fe873d7c3b06e8e56d7bc0a1fef9246 (version GGUF V3 (latest))
llama_model_loader: Dumping metadata keys/values. Note: KV overrides do not apply in this output.
llama_model_loader: - kv   0:                       general.architecture str              = llama
llama_model_loader: - kv   1:                               general.name str              = LLaMA v2
llama_model_loader: - kv   2:                       llama.context_length u32              = 4096
llama_model_loader: - kv   3:                     llama.embedding_length u32              = 4096
llama_model_loader: - kv   4:                          llama.block_count u32              = 32
llama_model_loader: - kv   5:                  llama.feed_forward_length u32              = 11008
llama_model_loader: - kv   6:                 llama.rope.dimension_count u32              = 128
llama_model_loader: - kv   7:                 llama.attention.head_count u32              = 32
llama_model_loader: - kv   8:              llama.attention.head_count_kv u32              = 32
llama_model_loader: - kv   9:     llama.attention.layer_norm_rms_epsilon f32              = 0.000010
llama_model_loader: - kv  10:                          general.file_type u32              = 2
llama_model_loader: - kv  11:                       tokenizer.ggml.model str              = llama
llama_model_loader: - kv  12:                      tokenizer.ggml.tokens arr[str,32000]   = ["<unk>", "<s>", "</s>", "<0x00>", "<...
llama_model_loader: - kv  13:                      tokenizer.ggml.scores arr[f32,32000]   = [0.000000, 0.000000, 0.000000, 0.0000...
llama_model_loader: - kv  14:                  tokenizer.ggml.token_type arr[i32,32000]   = [2, 3, 3, 6, 6, 6, 6, 6, 6, 6, 6, 6, ...
llama_model_loader: - kv  15:                      tokenizer.ggml.merges arr[str,61249]   = ["▁ t", "e r", "i n", "▁ a", "e n...
llama_model_loader: - kv  16:                tokenizer.ggml.bos_token_id u32              = 1
llama_model_loader: - kv  17:                tokenizer.ggml.eos_token_id u32              = 2
llama_model_loader: - kv  18:            tokenizer.ggml.unknown_token_id u32              = 0
llama_model_loader: - kv  19:               tokenizer.ggml.add_bos_token bool             = true
llama_model_loader: - kv  20:               tokenizer.ggml.add_eos_token bool             = false
llama_model_loader: - kv  21:                    tokenizer.chat_template str              = {% if messages[0]['role'] == 'system'...
llama_model_loader: - kv  22:               general.quantization_version u32              = 2
llama_model_loader: - type  f32:   65 tensors
llama_model_loader: - type q4_0:  225 tensors
llama_model_loader: - type q6_K:    1 tensors
print_info: file format = GGUF V3 (latest)
print_info: file type   = Q4_0
print_info: file size   = 3.56 GiB (4.54 BPW) 
load: special_eos_id is not in special_eog_ids - the tokenizer config may be incorrect
load: printing all EOG tokens:
load:   - 2 ('</s>')
load: special tokens cache size = 3
load: token to piece cache size = 0.1684 MB
print_info: arch             = llama
print_info: vocab_only       = 1
print_info: model type       = ?B
print_info: model params     = 6.74 B
print_info: general.name     = LLaMA v2
print_info: vocab type       = SPM
print_info: n_vocab          = 32000
print_info: n_merges         = 0
print_info: BOS token        = 1 '<s>'
print_info: EOS token        = 2 '</s>'
print_info: UNK token        = 0 '<unk>'
print_info: LF token         = 13 '<0x0A>'
print_info: EOG token        = 2 '</s>'
print_info: max token length = 48
llama_model_load: vocab only - skipping tensors
time=2025-11-10T18:29:09.369Z level=INFO source=server.go:400 msg="starting runner" cmd="/usr/local/bin/ollama runner --model /home/codespace/.ollama/models/blobs/sha256-8934d96d3f08982e95922b2b7a2c626a1fe873d7c3b06e8e56d7bc0a1fef9246 --port 44771"
time=2025-11-10T18:29:09.369Z level=INFO source=server.go:470 msg="system memory" total="7.8 GiB" free="2.4 GiB" free_swap="0 B"
time=2025-11-10T18:29:09.370Z level=INFO source=server.go:474 msg="model requires more memory than is currently available, evicting a model to make space" estimate.library="" estimate.layers.requested=0 estimate.layers.model=0 estimate.layers.offload=0 estimate.layers.split=[] estimate.memory.available=[] estimate.memory.gpu_overhead="0 B" estimate.memory.required.full="0 B" estimate.memory.required.partial="0 B" estimate.memory.required.kv="0 B" estimate.memory.required.allocations=[] estimate.memory.weights.total="0 B" estimate.memory.weights.repeating="0 B" estimate.memory.weights.nonrepeating="0 B" estimate.memory.graph.full="0 B" estimate.memory.graph.partial="0 B"
time=2025-11-10T18:29:09.370Z level=INFO source=sched.go:445 msg="model is too large for system memory" requireFull=false
[GIN] 2025/11/10 - 18:29:09 | 500 |  171.561053ms |       127.0.0.1 | POST     "/api/generate"
